EmployeeKey,employeelon,employeelat
10189409,-117.95808,33.861275
7999076,-96.91869,32.984684
1789728,-118.35291,34.019497
9934606,-118.44374,34.41179
5585639,-96.5827,33.01379
8732438,-121.79466,37.25527
7442573,-118.16854,34.601196
8956748,-96.599495,32.943707
8043591,-117.90286,33.74528
6088213,-118.60358,34.219692
5401908,-118.19256,33.85241
8168723,-118.117325,33.884506
1152127,-118.31599,33.802937
9504749,-118.36045,34.166092
9627941,-118.09038,34.566082
9181892,-118.26034,34.018837
7499040,-96.8123,32.60103
6215349,-116.932014,32.800175
7499032,-118.34963,34.212082
9457156,-121.86601,37.324272
6395655,-117.14558,32.745224
9316745,-121.905685,38.022358
7883702,-117.72187,33.52227
6997334,-117.06226,33.128532
7449952,-96.78303,32.684174
3954840,-117.90057,33.64229
9988696,-122.27994,37.85325
6792965,-121.864975,37.260704
7499023,-96.84393,32.995987
6215354,-118.28554,34.09139
8658641,-117.08792,32.756027
9228220,-117.07557,33.096558
6000754,-118.33404,33.982906
6991572,-118.57662,34.38988
9680688,-117.06201,32.573597
3617797,-118.158356,34.71727
6789916,-118.45595,34.18265
3124107,-118.51134,34.37666
8549030,-119.18612,34.153805
9825431,-117.03922,32.623005
8703157,-118.41555,33.956047
8994583,-118.31533,33.91645
9987543,-117.02992,32.727673
9459820,-117.948555,33.920246
7416829,-117.60052,33.414738
2131992,-118.19412,33.79348
4740719,-117.92595,33.784798
7791133,-117.98415,33.790398
7442544,-118.2345,33.948235
7654951,-118.2131,33.920124
1042763,-118.18004,33.850655
7289664,-121.93695,37.336227
7883730,-117.92218,33.66592
10072657,-117.13807,32.93296
8156532,-118.7788,34.149742
6128881,-118.05451,33.928112
6832285,-118.19375,33.933376
7496747,-122.13908,37.734825
9411069,-96.76542,32.664154
9411068,-112.2031,33.526352
7655387,-118.335175,33.902817
7340626,-118.282555,33.818935
8366705,-117.324036,33.34803
8703175,-118.36118,33.97318
7778225,-118.470894,34.308174
8916014,-118.20854,34.045624
9778300,-118.4413,34.201202
9513325,-117.80463,33.703533
5810864,-117.71281,33.60984
5979136,-117.87005,33.737083
9287485,-119.182816,34.180054
5625536,-117.102036,32.74522
6789902,-119.04844,34.216114
7873794,-96.68276,32.758762
9873018,-118.19114,33.895058
9979700,-121.810394,38.001747
8531759,-122.29304,37.846485
10072633,-117.26426,33.192417
8677634,-121.84306,37.291466
6634307,-111.818634,33.279953
9181874,-117.030174,32.590466
5474815,-118.314255,33.82866
8800236,-118.52298,34.17221
7834346,-118.33974,33.94253
7952732,-118.1311,34.10487
8870265,-118.42612,34.057423
3964590,-118.35768,33.978416
9237181,-117.9671,33.936066
7961958,-118.29325,33.74761
832622,-117.89538,33.872612
7782104,-117.06056,32.746243
7054573,-117.224785,32.7499
8470357,-116.92458,32.874718
9228286,-118.438805,34.25391
10072615,-117.37579,33.195576
6295870,-118.22131,33.980225
9653065,-96.61959,32.810757
6359514,-122.30168,38.006996
9044058,-117.92154,33.733906
2539698,-118.18149,33.76843
7049297,-118.19075,33.79461
3125200,-118.462364,34.18665
2396143,-117.03188,32.75585
8611238,-122.214005,38.08597
9904907,-118.30923,34.095566
6242888,-118.199165,33.87126
9458754,-121.87876,37.31122
9825491,-96.74956,32.914856
9188959,-118.8416,34.234943
9978932,-117.06677,33.481453
7918572,-117.918175,33.767094
4439841,-118.288376,33.91643
7624734,-112.03368,33.37052
9505409,-118.118706,33.85865
9181832,-118.151306,33.77961
7491927,-118.273346,33.960995
3557585,-117.10428,32.74404
9825480,-97.01184,32.698093
7452011,-111.952805,33.42908
9778228,-117.82374,33.68501
9487689,-118.192375,33.78096
8427319,-118.47094,34.225624
7918560,-118.14286,33.905964
8102430,-117.03874,32.623154
4357364,-115.01753,36.198017
9559605,-112.16418,33.606823
3673419,-118.00876,33.89962
3748347,-116.97107,32.859783
9577694,-118.32651,33.957867
3498697,-118.271255,33.967014
9732686,-118.09367,33.961445
403175,-118.451485,34.203007
402610,-118.2584,33.86877
9978911,-117.22381,33.5572
6207491,-121.69895,37.961575
5385519,-96.623314,32.893314
3557516,-116.96616,32.79004
7484700,-118.794586,34.411705
6576617,-119.1535,34.161816
6075548,-122.13416,37.71853
6206809,-121.86994,38.00271
402604,-118.29746,33.79349
7127072,-118.156746,33.77641
403168,-119.20362,34.17637
403169,-118.45205,34.26951
9779864,-119.16458,34.16135
5328501,-118.27942,34.25052
403162,-118.52436,34.167313
403163,-118.45962,34.237347
7194984,-118.34474,33.886444
3921296,-117.30672,34.10295
9421910,-118.07514,33.825714
9540590,-121.95236,37.386925
6359553,-122.464134,37.64903
402617,-118.373055,33.813362
6009300,-121.99091,37.394802
7502947,-112.04112,33.65686
7417411,-122.11592,37.378704
8913556,-118.46421,34.186657
403198,-118.44878,34.415634
403193,-118.46689,34.198456
5333160,-118.317085,34.01507
9382088,-119.15082,34.154945
9458796,-122.21212,37.47219
8870203,-118.33311,33.960052
9778272,-117.66044,33.561905
8207330,-118.0124,34.07589
10116312,-118.33311,33.960052
7499883,-117.699776,33.524216
8753758,-118.44614,34.204815
4169901,-117.13483,32.92552
8069778,-121.79777,38.009003
7657542,-117.07943,32.750694
7095931,-121.893005,38.012196
6009316,-121.777306,37.32628
4034089,-117.266365,33.10623
1524006,-117.57177,33.894264
403181,-118.485085,34.232304
6642306,-118.51442,34.20438
8437291,-118.31429,33.83237
5477799,-117.077576,32.567776
7626105,-118.363495,33.92367
478270,-118.34726,33.972786
9359657,-117.09938,32.66263
9487741,-118.26082,33.9425
402536,-118.35909,33.9178
7406650,-117.130554,32.8057
4890896,-117.237854,34.14313
8779114,-118.34249,34.04811
503083,-122.013054,37.917618
6884151,-117.89454,33.786045
8165016,-121.852005,37.38883
734250,-118.22021,34.124805
478277,-118.3157,34.044502
7412374,-122.36068,37.954735
6403469,-96.769,32.66312
8529779,-117.88281,33.748116
9505342,-117.99973,33.87317
9436411,-118.314476,33.95607
10074783,-121.817726,37.300705
9995561,-118.28823,33.966705
2251456,-121.80415,37.311535
8779125,-118.29941,34.09694
7363084,-117.987946,33.817463
8284754,-121.36246,38.69773
9505339,-116.99729,32.704166
9360157,-118.49743,34.25114
7624670,-112.039566,33.667793
8779121,-118.222626,34.086323
1457059,-117.88077,33.733757
9807293,-112.131485,33.55541
8190570,-122.27115,38.030346
8126446,-117.87724,33.856808
10089537,-118.26022,34.127834
7539046,-118.32553,33.97584
6279306,-117.93977,33.81869
8450369,-118.333,33.904095
9574859,-117.04758,33.13519
7224662,-118.14154,34.199432
4169930,-117.14929,32.70493
9089887,-118.02055,33.719936
403149,-118.49842,34.26316
7518067,-118.18937,33.901546
402520,-118.32295,33.901947
402503,-118.28233,33.824398
8779108,-118.29034,33.981907
7363068,-117.94425,33.75751
9647339,-118.30442,33.990334
7336561,-118.20974,33.911766
8878927,-117.07322,33.117268
7656513,-116.94821,32.794506
7218375,-118.41719,34.013817
8164949,-118.16485,34.67856
7899885,-118.19721,34.60912
9505387,-116.95099,32.804573
9507733,-118.34649,33.918194
6866236,-117.13285,32.904102
5159593,-116.92501,32.855087
1669804,-118.43997,34.18545
10180324,-118.16535,34.18747
9047459,-118.31603,34.093758
7867775,-118.269516,33.96449
6703840,-117.08494,32.83859
9629414,-118.280655,34.0724
9191057,-117.30703,33.6226
8360977,-121.691185,37.918808
402567,-118.16006,33.777374
8266367,-118.00851,34.57038
7052258,-117.73409,33.57125
7921595,-118.3077,33.89899
5788688,-118.19803,33.779312
7581681,-118.17198,33.77362
9644580,-112.265594,33.569305
7412317,-118.2595,33.78215
403102,-118.40526,34.196255
10154097,-118.420685,33.993256
8401901,-117.06794,32.80692
8480533,-118.2655,33.82109
4111076,-117.04038,32.628357
3556876,-117.091484,32.68016
6667961,-118.002495,33.80019
7363027,-117.89811,33.70871
10089567,-117.97858,34.062317
403106,-118.02271,34.060394
8410962,-117.66824,33.495075
5697367,-122.13828,38.014572
2803246,-118.31602,33.99627
6681379,-118.29885,33.718113
402553,-118.33176,33.87198
8716712,-117.55956,33.954403
9328476,-117.08969,33.032455
3928249,-117.88468,33.77603
10037616,-121.89716,38.027107
3831546,-118.46357,34.29176
7052224,-117.91945,34.037388
8157590,-118.35241,34.014694
7050191,-96.720924,32.899605
5866594,-121.83288,38.002148
7303612,-117.90512,33.77746
9933040,-111.930016,33.477375
9187500,-118.57493,34.262184
6783978,-117.06805,32.672386
7907252,-118.14932,33.78486
8038883,-117.362976,33.21071
9870143,-121.79003,37.329624
9933989,-97.06671,32.708317
6024518,-117.89445,33.719543
4508967,-117.92121,33.676563
7416794,-117.87025,33.872787
7416795,-118.38024,34.213787
8191085,-121.82481,38.00488
7454944,-118.3373,33.9086
8633550,-118.238625,33.93247
9618896,-121.91018,37.336132
9938538,-118.26731,33.80169
6039829,-118.24466,33.951965
9204194,-117.30145,33.25401
6832221,-118.196976,33.7693
625615,-121.838715,37.995083
2950152,-118.306816,34.021893
10080006,-117.03072,32.778633
5881807,-118.37034,34.21246
7863380,-121.80674,38.00565
8705489,-118.25138,34.041058
402595,-118.281204,33.816944
9539238,-117.70317,33.612595
9044749,-118.30742,33.993248
402596,-118.27063,33.806526
8496461,-118.24501,34.040985
4558780,-118.00931,33.763126
8956839,-96.67482,32.773304
9199966,-118.00554,34.094948
10034357,-118.51322,34.20684
9316778,-118.33949,33.906097
8960481,-118.43839,33.95838
1381555,-117.85899,33.795128
9411017,-112.3393,33.473576
7865914,-118.60249,34.25113
1218046,-118.33633,34.01741
8562191,-118.448654,34.32415
9163558,-111.93196,33.497963
8033583,-118.27511,33.918865
6994387,-118.24178,34.140255
9869425,-118.020874,33.83189
9360197,-117.223785,33.223038
8366695,-117.08413,33.478558
9411004,-96.71781,32.920826
8958287,-117.707825,33.979908
9045158,-96.80563,32.60639
10189561,-117.973236,33.78471
8956815,-96.87638,32.586235
7995524,-121.718376,37.987267
7770697,-118.296715,33.983253
9163584,-112.18223,33.597607
7831243,-118.63147,34.201607
9731500,-118.259575,33.998447
8401987,-117.04389,32.696484
4213554,-117.91629,33.821648
1091429,-118.29938,34.019966
8366668,-118.356514,34.217274
9142100,-118.2946,34.000633
8697053,-117.31701,33.21489
8716798,-117.98818,33.653988
7518031,-118.359886,34.049427
4923929,-111.97942,33.64059
7416768,-117.89947,33.675808
9316787,-118.12523,33.88195
8409408,-121.840195,37.371986
9330851,-121.81599,38.003185
9600905,-118.40595,34.06949
7234851,-118.32434,33.872074
9140159,-118.44661,34.239864
8874685,-111.94258,33.60406
6207514,-121.79144,37.96937
9044121,-117.70375,33.568447
9988572,-116.96479,32.78831
9523582,-121.95979,37.96626
3533864,-122.2338,38.094517
8956848,-96.66498,32.73033
9986433,-118.11865,34.67697
7917916,-96.72229,32.899857
9123836,-118.32884,34.03191
5810943,-117.93726,33.84091
8705525,-118.32141,33.99952
7705532,-117.377235,33.217506
7827903,-118.38341,34.202663
4213516,-117.72143,33.576447
7125715,-118.25002,33.898743
10115860,-118.30738,33.96091
2972636,-116.95808,32.733555
5785694,-118.58845,34.194187
10150473,-117.687325,33.52201
8289520,-117.99074,33.868603
9272279,-117.04893,32.629093
6493067,-122.01039,37.921413
5866850,-121.78855,37.96985
9457807,-121.84924,37.303898
7917928,-96.747986,32.769325
9630024,-118.463135,34.245262
8353891,-118.2939,34.079037
8528184,-117.9176,34.073902
7960706,-117.057144,32.696106
9070561,-121.86599,37.32425
8000049,-117.71988,33.493816
8870305,-118.3012,34.07663
7744869,-118.29714,33.965084
9911933,-119.20162,34.25196
9900861,-112.11485,33.389687
7417351,-96.52427,32.91598
8574420,-118.23792,33.96863
3673342,-118.21388,33.913555
6024496,-117.864265,33.74801
8289506,-117.94951,33.934097
8208090,-118.59185,34.249985
9986457,-117.67385,34.10184
6636675,-119.19062,34.188606
7917107,-121.83351,37.297703
8043478,-118.09216,33.745026
4246719,-118.34594,34.005596
7372939,-96.86361,33.000355
545523,-118.003334,33.839306
3773732,-118.028366,33.773922
3196236,-117.21839,33.16257
7457624,-118.213295,33.818546
4908599,-122.00029,37.276455
6474390,-116.935104,32.63138
10044745,-122.23252,38.096996
7013162,-118.1694,33.866486
9135378,-118.45832,34.41035
4845491,-121.69457,37.941433
10030999,-96.78797,32.95961
5045655,-96.78164,32.687263
9984723,-121.96359,37.36437
9935043,-117.96505,33.832405
5100763,-112.005844,33.64064
5442425,-117.07326,33.48055
8487648,-117.96879,33.8456
9171893,-118.257614,34.02653
7234825,-118.36843,33.864307
7499933,-117.9017,33.696278
6257879,-121.86528,37.283833
9627886,-118.628876,34.211872
9315727,-122.08178,37.636505
2637456,-117.9822,33.85952
7771620,-118.28339,33.98419
4470517,-122.39476,37.600914
2918364,-122.014206,37.936695
7373249,-118.32011,34.26506
9568972,-117.13754,32.71686
7167345,-118.47408,34.24218
444660,-118.382614,33.810963
8364891,-121.92373,37.301395
8439442,-122.254005,38.108017
5079633,-118.56123,34.210625
9362387,-118.094635,34.679985
9599368,-117.962265,34.05699
3641120,-118.26906,33.830647
2918370,-118.366615,34.219322
7449054,-122.13343,38.210155
7417387,-96.79137,32.965496
8799997,-118.28533,33.951008
9912222,-119.16373,34.159164
5260252,-122.442085,37.62711
8244442,-111.925316,33.31221
7817901,-121.81503,38.01456
10072771,-118.691376,34.281464
5401836,-118.29909,33.755127
8810527,-117.25258,33.072483
6121148,-118.52736,34.26332
7549135,-97.127556,32.839104
6816339,-112.03928,33.59991
8282745,-121.596855,37.009537
7520204,-121.471275,38.528027
583100,-117.15442,33.32244
6165190,-121.96054,37.274612
9000047,-117.316864,33.182877
8120712,-118.332344,33.980152
8317187,-118.26344,33.931957
7168029,-122.03916,37.96893
9228173,-118.36004,34.033077
9825363,-121.92296,37.302876
6884335,-117.816505,34.01934
8290158,-121.85427,37.34563
9237090,-118.303314,33.74778
3998071,-117.847496,34.637188
6346101,-117.04252,33.024826
6576780,-119.15823,34.23191
5476900,-118.58629,34.203506
6346104,-96.60286,32.803455
9463038,-118.30201,33.785114
7054468,-116.99231,32.712257
403096,-118.499344,34.201035
5863912,-117.048706,32.687344
4559223,-118.36583,33.837605
7269075,-118.350235,33.891674
8879150,-117.20426,32.87019
9280199,-117.089584,32.57006
7624836,-112.19533,33.531204
403088,-118.341545,34.004898
7626063,-118.21632,33.90413
7054457,-117.15282,32.71067
6422474,-118.540886,34.23245
9505504,-116.76607,32.851505
7998687,-96.60726,32.853626
8470480,-117.01402,32.703827
7054448,-116.90612,32.730232
8353822,-118.31244,34.071907
5953401,-121.72094,38.005344
7704457,-117.09329,32.643307
7919946,-118.30664,33.84634
7302525,-117.05627,32.55647
9904825,-118.37371,33.975597
403079,-119.05026,34.219723
7054442,-122.0463,37.523956
402702,-117.86223,33.74293
8872473,-117.588196,33.64171
402709,-117.753265,34.01782
2919916,-118.01082,33.81923
6870383,-111.629974,33.358334
8162082,-118.345535,34.011864
8069650,-122.13581,37.77367
5863918,-118.349335,34.056637
9827073,-117.89808,33.791794
8360088,-118.4534,34.221493
403065,-118.432495,34.17213
7961850,-118.30462,33.976875
9504885,-118.01602,34.574684
6768452,-117.58292,33.83905
8531800,-122.1986,37.766514
402710,-117.6938,33.47191
7863510,-122.22316,37.782883
5137904,-122.03851,37.345646
9001210,-117.105675,32.581196
4170497,-117.99952,33.832962
10072700,-117.204025,33.170753
10072702,-118.24696,33.931137
403059,-118.52949,34.275414
402724,-117.80906,33.854992
5358913,-117.89968,33.924717
8165064,-121.87664,37.23168
402727,-117.91776,33.74084
6359686,-122.019875,37.58284
9794643,-117.17312,33.146282
10074622,-121.979675,37.28436
9626211,-118.29848,33.956875
6954675,-118.32159,33.984978
9512852,-117.71714,33.529724
7194872,-118.289825,33.74693
849715,-118.46225,34.20106
402734,-117.9637,33.80247
5550580,-118.33255,33.97452
8040752,-117.03701,32.96511
8235495,-121.95572,37.357616
8586122,-118.58844,34.194386
8999541,-96.74956,32.914856
6955033,-97.13863,33.24852
9736288,-118.262505,33.858696
10180278,-117.21345,32.80217
6768493,-117.242065,33.92455
10185926,-111.76718,33.31182
3564344,-121.91668,37.431694
8164224,-96.71795,32.88141
6990561,-118.147446,34.159676
9736280,-118.45395,34.185665
8032550,-121.88499,38.00494
6906447,-118.19309,33.891823
5708105,-118.02305,33.92131
9683533,-118.36234,33.844376
912213,-117.83417,33.843014
8410014,-118.35935,33.973137
402624,-118.14915,33.84314
9779907,-117.83946,33.73486
402626,-118.22321,33.836193
5314175,-121.96243,37.319218
7218207,-118.44489,34.025707
10074690,-121.88066,37.279613
8694167,-122.241394,38.082024
403031,-117.0362,32.66062
9079886,-117.09285,32.69536
8850224,-117.22595,33.185688
7046389,-118.23014,33.900005
8164241,-96.71205,32.902252
403005,-117.04081,32.770958
8869907,-118.32338,34.00723
7483316,-119.305115,34.39894
5586811,-112.03285,33.295303
6884273,-117.86309,33.740467
7918748,-117.58292,34.095417
9766553,-96.71781,32.908688
8895984,-118.74664,34.26641
4600653,-111.987114,33.46234
504246,-118.19799,33.993126
9089749,-118.434105,34.263935
402646,-118.30741,33.806057
402653,-118.18995,33.89407
6638008,-119.15398,34.175198
6906470,-96.714836,32.92134
7995418,-118.51385,34.25034
8913456,-118.41006,33.99207
6567224,-118.333,33.904095
9683503,-118.233025,33.91881
6767398,-96.74373,33.098198
6478042,-118.31037,33.93199
4175889,-121.88051,37.298122
8169359,-118.23606,33.894306
542149,-118.36291,33.865532
7997494,-118.466194,34.19456
9683567,-118.31671,33.94143
7705068,-122.177124,37.763638
8164260,-96.68783,32.735313
3556981,-116.92458,32.874718
3414617,-117.728355,33.56614
7666528,-96.512184,32.97958
8614366,-96.59875,32.919136
7054396,-116.48836,32.670807
9163602,-112.28371,33.408012
402668,-118.3065,33.83622
9463104,-118.23537,33.94061
6641892,-118.728966,34.26989
8707657,-121.853836,37.2487
8869932,-118.28269,33.968582
1087034,-122.15128,37.72324
402676,-118.34167,33.902893
7666511,-96.630104,33.014713
402675,-118.18201,33.86144
10240758,-96.865105,32.99853
9421991,-118.2855,33.985962
9019376,-121.89603,38.021343
10111378,-118.46603,34.238556
2701429,-121.954956,37.53392
9000884,-118.328636,33.90721
7624765,-112.04196,33.45687
9275031,-118.2493,33.924282
6691961,-122.03945,37.573338
6884233,-117.822655,33.730553
4816333,-118.44314,34.269127
8529616,-96.68872,32.875942
6962805,-118.217255,33.81471
8561806,-118.52585,34.220886
9936558,-116.94819,32.793064
8563111,-118.031265,34.04175
8045607,-111.56735,33.166218
9683556,-118.213264,33.804844
8211041,-121.922516,37.27133
4517368,-111.81231,33.321312
9725018,-117.03701,32.96511
3200859,-118.25853,34.116573
402698,-117.79176,33.731853
5865391,-122.24105,38.136093
8070118,-121.74129,37.92587
9629343,-118.3058,34.102966
8366738,-117.083115,32.770786
7702345,-118.233345,33.891907
7531855,-118.16363,33.90806
8591365,-121.87498,37.32681
4552367,-121.66253,37.144802
7960767,-117.77768,33.87828
7757625,-96.69449,32.76491
7052316,-111.97604,33.299454
9171979,-118.26082,33.9425
5856472,-122.47304,37.611897
7549081,-97.05755,32.626812
6164071,-118.59183,34.20468
9679057,-117.87717,34.07514
9539121,-117.70365,33.56979
9088629,-96.84561,32.57376
8366749,-117.059364,33.13641
10226823,-121.85105,37.29307
9539115,-118.45883,34.237236
4391139,-117.079384,32.738754
4070703,-117.863625,33.88021
2670708,-121.96146,37.39715
5913801,-96.75978,32.86738
7883661,-117.9099,33.8356
4557608,-117.77402,33.69384
8203824,-117.01426,32.755447
10075001,-117.277626,33.23985
3496659,-118.38447,34.209682
7052340,-111.876396,33.407574
9679076,-118.197815,34.118538
4213453,-117.81166,33.784847
4700897,-119.19731,34.22365
8478631,-122.30978,37.993484
7549063,-96.63608,32.951145
7504356,-112.41503,33.443256
9819741,-117.38022,33.200768
9679065,-117.916374,34.02777
7757636,-96.71302,32.904182
2756742,-122.180954,37.769325
9078360,-117.10079,33.135826
431075,-118.32651,33.897614
9163621,-111.7031,33.316647
8529679,-117.122475,33.155434
3707960,-117.696045,33.59219
9869334,-118.73049,34.26642
9163699,-112.09971,33.64397
2229959,-117.56553,33.63726
5265987,-118.08072,33.765347
7001487,-122.342,37.978855
7416648,-117.677315,33.577126
7099686,-118.46069,34.208454
6024439,-118.02588,33.820396
7052302,-112.09403,33.621326
6395637,-118.33518,33.981667
9736262,-118.248314,33.919044
9574921,-118.35995,34.219025
9935092,-118.02535,33.72614
4845547,-122.22558,38.125977
2467351,-116.96079,32.646828
8677579,-118.3395,33.907764
9413390,-121.97606,37.36497
9163680,-111.774635,33.214478
3268041,-118.44245,34.412827
9140591,-96.604645,32.848236
7013118,-117.2497,33.942593
9131665,-116.950134,32.622517
7046344,-118.293846,34.015495
3946578,-117.290665,33.199276
9736273,-118.34923,33.91783
5192700,-117.697044,33.60186
6421766,-119.18059,34.156464
8894408,-118.330826,33.90663
6706211,-118.28152,33.881878
6751488,-116.93255,32.79825
7518136,-118.2727,33.923717
7883686,-117.915825,33.749508
6862594,-117.13242,32.70221
9487834,-118.1524,33.783638
9359747,-116.929054,32.754837
7549095,-96.61637,32.777657
8084762,-121.78296,37.97548
8038962,-117.24431,33.209816
8995118,-118.235596,33.885788
6215321,-118.30129,34.001907
6164043,-96.79624,33.08611
7777864,-122.08805,37.39741
7449167,-118.36812,34.192368
6483341,-118.08046,34.68062
6088010,-117.93859,33.792046
8208643,-96.606415,32.85637
5138416,-118.014275,33.83197
1492146,-117.09406,32.680733
7744949,-118.275856,34.06218
10129685,-112.07087,33.63613
9456695,-112.126305,33.38542
8239376,-121.976524,38.031555
8498704,-119.18757,34.219162
9445719,-116.97102,32.802525
7835660,-112.10889,33.48069
6637811,-119.07574,34.224194
1091730,-118.27069,33.942844
7992318,-117.12518,32.700787
8999826,-122.02388,37.36346
7702001,-118.06897,33.846104
9187388,-111.95088,33.439762
9228015,-118.45026,34.23795
1733185,-116.94163,32.882492
8243807,-118.25862,34.09427
8366948,-118.43044,34.224205
5582710,-117.8599,33.67835
8208623,-96.67925,32.912895
5138434,-117.64387,33.647865
9123908,-118.31338,33.944984
7576204,-117.03407,32.679974
4633707,-112.13723,33.549454
3782291,-118.45955,34.22814
6349171,-118.59287,34.22058
6509340,-118.15987,33.857166
3859387,-122.29892,38.00912
6783750,-116.93492,32.796013
1739494,-117.986435,33.832054
3241034,-118.377525,34.065533
8366929,-96.903534,32.7183
9362066,-118.11454,34.698116
9783512,-118.13407,33.90731
9430634,-117.156204,32.91447
8366933,-96.66094,32.749653
8439362,-122.2476,37.79168
4364312,-119.17934,34.226143
1492170,-118.34551,34.16482
8443469,-96.829926,32.60994
8490031,-122.19881,37.47749
8366923,-97.050476,32.665222
9280226,-118.47645,34.250103
6395448,-122.140175,38.225937
9381843,-118.53697,34.24857
2901264,-122.40843,37.62691
3277445,-118.32495,34.198036
9123958,-118.265656,34.05977
8366903,-97.06067,32.79404
8366910,-96.62344,33.112682
1739465,-117.86888,33.782192
9445756,-117.0822,32.665134
9135457,-118.077774,33.86662
1738007,-117.880356,33.722298
9000307,-117.97417,33.86006
8208658,-96.454666,32.6938
566921,-117.99512,33.670708
9828683,-111.87352,33.376118
6108615,-121.925575,37.403
9503432,-118.24244,33.94321
3702273,-117.08625,32.65333
9986547,-117.963356,33.640724
8366900,-96.770485,32.70065
9615557,-121.781006,37.954933
9411272,-111.94886,33.378204
6783797,-117.23972,33.148205
1619603,-117.110596,32.58594
3921064,-118.42602,34.172134
9194231,-121.84599,37.358936
7235279,-118.335175,33.90521
6813786,-96.83582,32.65641
7907507,-118.0855,33.868977
8931167,-122.19689,38.10994
529928,-118.32359,33.936718
9779614,-117.87653,33.72876
4934713,-118.32243,34.037636
8205289,-118.319885,33.81254
9456606,-112.117516,33.791607
2893017,-118.33518,33.90687
9932991,-112.023605,33.70465
4823220,-96.66625,32.69222
5601079,-96.82846,33.014114
8957253,-117.94141,33.816967
3998136,-118.442345,34.186657
402854,-118.29699,33.921192
9465631,-121.89821,38.02064
3414047,-122.33207,37.57811
7492306,-118.19285,33.856743
7693858,-118.34761,33.96659
6813797,-96.686356,32.782578
6566693,-112.11434,33.596416
3617975,-117.715836,33.58286
8574361,-118.3474,34.017
6492605,-121.985016,37.96809
402829,-117.89289,34.08388
8588925,-121.97168,37.324455
3921080,-121.78164,37.320225
9143881,-118.22075,33.794395
9435476,-118.2493,33.924282
6844306,-117.99722,33.797333
7657316,-117.910995,33.646572
9504534,-118.08101,34.566257
7456910,-118.34468,33.920055
9633486,-118.28798,33.945503
8207573,-117.71864,34.00485
7952083,-116.926445,32.78725
9653773,-117.2189,33.09877
9445782,-117.11265,32.82019
9328181,-117.28585,33.211834
8832483,-118.58844,34.194386
8243888,-118.400955,34.026142
8999889,-118.53823,34.20549
7335998,-118.52298,34.17221
7194730,-118.15986,33.94323
7303397,-117.94712,33.746136
802224,-118.51317,34.17535
9000380,-117.96108,33.85618
8569630,-117.09966,33.130325
7952028,-117.233284,33.623665
6566674,-112.23023,33.650364
3617991,-118.53349,34.191868
10090835,-122.2615,38.036285
402806,-118.03483,33.83396
9678681,-121.83665,37.33198
7194780,-118.29275,33.88611
5423128,-122.45202,37.71983
9559040,-118.30414,34.07008
6254292,-117.8865,34.106766
8204904,-121.93974,37.300182
6813747,-96.71968,32.904537
929363,-118.35359,34.015724
402811,-117.9829,33.817074
6566667,-111.89009,33.353817
8574391,-118.22633,34.124725
7289461,-121.87769,37.334293
3617989,-117.901245,33.641598
9628249,-117.948555,33.920246
7744907,-118.28592,33.969772
6634127,-117.002335,32.798763
6752206,-118.43688,33.95679
6991284,-118.315735,33.969078
7620959,-118.392136,34.181683
7302847,-116.964165,32.64592
7447112,-121.689766,37.977264
8126292,-117.967514,33.82417
9459336,-118.4987,34.263153
1818488,-118.173065,33.783127
9979006,-117.11098,33.09738
8949924,-121.831184,37.99562
802250,-118.219,34.13307
6794094,-118.265205,33.921127
7191967,-118.202156,33.956417
10033336,-117.895454,33.916653
9922811,-122.080574,37.395653
9619815,-118.3019,34.032726
3648377,-117.962326,33.775837
2410511,-122.14743,37.759052
5908370,-118.32687,33.987194
9779649,-121.961044,37.344715
9043866,-117.25461,33.37113
7777832,-121.84724,37.23797
9141754,-118.32796,33.976665
403322,-118.38034,34.04051
6224458,-117.66093,33.87789
8779390,-96.85465,32.614983
6108599,-121.88372,37.40126
8315916,-118.25993,33.827423
8284141,-121.826294,38.005196
7517442,-118.20374,33.92569
9087729,-118.32792,33.983757
8191807,-122.005066,38.268356
8870053,-118.34981,34.247658
9678637,-117.714806,33.602806
5827935,-111.84841,33.40566
403317,-118.303505,33.97349
4535930,-118.53718,34.239117
4195674,-118.32041,33.915005
403334,-118.32958,33.98293
7588655,-119.05862,34.220753
4189332,-118.30878,34.262608
8913377,-118.34735,33.972008
403331,-118.32791,33.984425
8436702,-117.04464,32.564587
6278082,-122.19719,38.112534
7669804,-119.01479,34.231426
2509209,-121.862114,37.99362
9233073,-121.83132,37.339962
9327521,-112.10296,33.49506
7658901,-117.104256,32.763588
10241030,-117.11594,33.521526
7148755,-118.262955,33.934917
4861979,-116.877205,33.03568
8124308,-96.45148,32.938446
403329,-118.27238,34.070705
403342,-118.29353,33.965088
403343,-118.373055,33.813362
6794160,-118.16006,33.77548
7957520,-118.517555,34.213264
8529959,-97.06886,32.707657
5403810,-117.11188,32.748146
8360480,-122.36666,37.937664
9777420,-96.84164,32.67622
2592867,-117.80945,33.728924
6752103,-118.473404,34.00498
6703611,-116.96145,32.623325
8870038,-96.75992,32.881332
912368,-117.90094,33.843197
9678659,-117.56998,33.385677
9669919,-118.31385,33.990387
10175157,-121.85234,37.328136
7533592,-118.22594,33.9162
9087741,-118.29621,33.795734
8370393,-118.360344,34.092663
5628274,-111.86216,33.419025
8570068,-121.82398,38.003475
9900480,-111.695274,33.446106
9807039,-121.61567,37.91957
7063404,-118.183266,33.837765
9734737,-118.59928,34.21977
8327560,-118.45424,34.190674
402787,-118.16272,33.88744
10089327,-118.18636,33.772533
8870044,-96.68276,32.758762
6752163,-117.09496,32.744247
9087047,-118.60653,34.22507
402786,-117.58204,33.64646
402781,-117.90117,33.69628
403364,-118.43432,33.995674
403363,-118.322,33.93984
402780,-117.95278,33.785633
403362,-118.34503,33.908627
9469346,-118.01751,34.060734
402776,-117.61587,34.067127
7868641,-117.001,32.619137
7262919,-118.035904,34.5518
9200618,-118.09432,34.03728
9736198,-118.18728,33.868095
428875,-118.48365,34.194733
403371,-118.44799,34.04759
7227394,-112.18888,33.566208
8836048,-118.03543,33.75892
2840816,-117.822754,34.099483
403376,-118.35305,34.026443
524517,-117.39479,34.091156
9191256,-117.60009,33.444946
9469356,-118.26852,34.12134
1300109,-122.326324,37.921185
9469350,-118.3729,34.21388
8770364,-121.75937,37.97035
9772868,-117.04518,32.5489
5076922,-118.316086,34.03174
3958562,-118.34915,33.885487
9122818,-118.34947,34.010574
403383,-118.29762,34.05568
10154290,-118.27181,33.986595
1605798,-117.91033,33.650616
403385,-118.36661,34.033382
403384,-118.35411,33.87475
8870074,-121.86556,37.23937
2693285,-117.09474,33.13296
4210651,-118.45911,34.235466
7340381,-118.35136,33.92842
5429275,-96.57456,32.756275
9772853,-117.043,32.730194
8570021,-117.08431,32.73919
403392,-118.3041,34.064716
10125220,-118.37331,34.1462
403396,-118.329346,34.0033
403395,-118.28706,33.977997
6962148,-117.91501,34.01589
403397,-117.38799,34.525566
402750,-117.95015,33.834663
524545,-117.74041,33.86292
5649124,-117.934425,34.0839
7748198,-122.07105,37.885204
402745,-117.867805,34.01147
9826821,-118.30021,34.25781
6131334,-111.86459,33.395134
7224892,-118.46707,34.20107
9310245,-118.39442,34.215805
9206290,-118.33359,33.987206
9360765,-117.833855,33.767143
2011692,-117.29895,33.253994
8166348,-115.04779,36.138847
10195015,-118.27443,33.824192
8479133,-121.84501,38.001865
9077370,-117.24711,33.377357
9359856,-118.55548,34.183125
8161487,-118.45134,34.2012
7538685,-117.05593,33.13561
2826272,-117.91513,33.832996
1091696,-118.34165,33.906742
9360773,-117.70428,33.569233
2011680,-117.06699,33.15774
9142372,-118.36497,33.962807
5373426,-118.1824,33.851406
7706209,-117.06697,32.702194
10007025,-117.24934,33.37163
7706204,-121.86489,37.256325
9091552,-111.97822,33.345722
7100413,-121.77222,37.988144
5871487,-117.09988,32.74431
5871484,-117.155556,32.70862
6631176,-117.85643,33.728035
6939807,-118.09914,33.988934
6914795,-116.9921,32.782425
6040218,-96.7451,32.868404
6752186,-118.41031,33.99719
7605060,-117.05055,33.13557
7816187,-118.35469,33.97134
9363174,-117.92657,33.652496
4589213,-118.364044,33.971695
5551502,-118.34295,34.043407
9131313,-116.93131,32.800674
5095055,-118.344635,34.011295
5964775,-118.099884,33.896057
7666475,-96.819275,33.006218
9625118,-111.84573,33.391068
3708293,-118.30569,33.98142
4766553,-121.22759,37.808674
1492213,-122.040085,37.97006
9535993,-96.73382,32.762814
565460,-118.459206,34.223804
4677291,-117.90282,33.724136
650713,-117.93407,33.75713
3240664,-117.719894,33.586918
8810563,-117.17781,33.368458
10164500,-118.371376,34.190323
3240660,-117.80656,33.684135
9538963,-117.650604,33.572987
8865803,-118.53607,34.210503
4334004,-118.26598,33.82333
8837174,-118.00255,33.8667
8734980,-118.33233,33.983643
7816198,-118.32791,34.11354
8125401,-117.04518,32.736576
7092453,-112.07281,33.395878
9087764,-118.35241,34.013855
9316561,-118.33325,33.905556
6563821,-122.14087,37.47326
8895166,-118.226105,33.903328
9869252,-118.070984,33.89826
5609494,-112.11339,33.73767
7757745,-96.781075,33.13962
7808798,-96.894394,33.101555
569461,-118.31253,34.0046
7655236,-118.48364,34.187565
7959598,-118.50759,34.262394
6439418,-117.161514,32.794666
2230328,-118.287506,33.985523
403307,-118.381,33.976383
7690731,-96.64928,33.234722
5940898,-119.062904,34.357555
4133088,-118.284706,34.000664
6766790,-118.45449,34.172108
8837155,-117.53357,34.116653
9080282,-116.98564,32.708103
2253614,-118.142456,33.84014
9683801,-118.57742,34.219162
3275144,-118.01841,33.842552
403310,-118.411125,33.991436
9299012,-118.412834,34.003056
9731218,-117.07597,32.715645
7540639,-117.973434,33.810352
7333172,-116.934784,32.63127
7961574,-118.15987,33.855186
7449266,-118.483665,34.198536
8443335,-96.64466,32.76525
8677746,-122.0237,37.36341
7419268,-112.114296,33.868256
7791241,-117.91077,33.774555
4473542,-118.35944,33.901413
8642999,-119.18935,34.216003
3202835,-118.07262,33.963387
899988,-118.30734,33.823338
8046202,-121.80463,37.31024
7585921,-118.26065,33.806026
8199183,-116.876595,33.040714
1678637,-121.9662,37.950268
7326056,-117.907715,33.847275
9577532,-96.72501,32.934917
6226017,-117.89126,33.919525
3794943,-117.14563,32.90676
9813587,-112.10605,33.562202
9457611,-117.653564,33.60637
9080974,-117.15633,33.660725
6395347,-118.16627,34.691597
9577531,-118.630356,34.168285
6261415,-121.78019,38.00822
9828731,-111.92695,33.50769
5635634,-121.90819,37.31675
8985133,-122.12902,37.676277
8781805,-118.39098,33.983356
10090756,-122.34469,37.927654
9123057,-118.31921,34.00288
8496446,-118.34039,34.04274
8777218,-117.00082,32.744667
7702857,-118.536064,34.20565
9280300,-118.31037,33.93199
7373477,-118.4635,34.201073
9938236,-118.305046,33.84289
9036111,-116.9328,32.792713
5750842,-118.28758,34.010086
6782406,-122.257965,37.815987
7105031,-121.97488,37.326267
7084193,-117.884186,33.874958
7334797,-118.59287,34.22058
8936844,-118.466705,34.21867
9187426,-111.78191,33.411354
8735486,-122.26367,37.874905
6961985,-118.159874,33.942364
7745386,-117.13646,32.90503
6799487,-118.177666,33.78346
8498820,-118.16868,33.872982
3702157,-122.12379,37.98809
7654895,-117.90651,34.09878
8870768,-117.97535,33.713364
10090787,-118.29281,33.886097
7499728,-117.9287,33.739548
5664952,-118.22138,33.98309
6039547,-118.30573,33.9502
2756496,-122.35808,37.941242
8439275,-122.36655,37.93246
9900615,-112.065506,33.633335
9445624,-117.08931,32.638664
487944,-118.33135,34.03691
9665344,-118.3384,34.027298
10127289,-116.94819,32.793064
9281492,-118.42251,34.154938
6950618,-118.20467,33.95506
9226958,-121.97328,38.03895
6143736,-122.15052,37.741074
8735467,-121.885086,38.022003
7371206,-96.81207,32.9394
10174976,-121.92233,37.30885
7691681,-117.83945,33.734535
10162201,-117.06984,32.760006
5095216,-118.27395,33.997353
7576107,-116.77017,32.833164
9523313,-118.153175,33.787586
7202545,-119.15582,34.178406
3314590,-117.82698,33.846436
8754288,-118.16696,34.697342
8947113,-118.178314,33.766914
7496670,-121.83107,38.005695
8102373,-116.86725,32.72673
652744,-118.24971,33.91029
7702164,-118.264244,34.01108
8487499,-117.66748,33.538696
7745342,-117.012794,32.756992
3312839,-121.5755,36.99915
402941,-117.81732,33.684765
8540788,-118.19055,33.797264
3619422,-111.95375,33.480087
9414092,-117.67045,33.65649
9765157,-118.350914,34.049763
2734633,-118.09028,33.76847
8674039,-118.619545,34.214268
622665,-118.28607,34.103603
10033251,-117.96621,33.811882
7955451,-118.28531,33.94377
9772890,-116.99136,32.62427
6483407,-118.19606,33.938988
9445666,-117.078865,32.724518
7874016,-96.52546,32.938713
8126368,-117.927795,33.65476
7366894,-117.07941,32.755356
7499773,-118.6022,34.219723
9457698,-118.60587,34.2103
5907726,-118.36538,33.97352
9223706,-121.88168,38.02708
5155117,-118.31253,34.0046
8615345,-117.07667,32.691906
9459246,-117.693344,33.597153
6397764,-112.13906,33.553104
402962,-117.089775,32.67949
9029122,-118.27922,33.819714
10033261,-118.52201,34.164257
6397769,-111.8702,33.394577
10087248,-117.93893,33.938538
10125319,-121.90137,37.444542
9960367,-118.215454,33.791798
6289596,-111.56221,33.222904
10162258,-116.94819,32.793064
7657452,-117.6148,34.069897
4588989,-118.10023,33.811287
402978,-117.05304,33.139904
4786263,-118.253006,33.94211
8406170,-121.691185,37.918808
7303494,-117.960556,33.825012
403283,-117.81384,34.023933
403287,-118.44933,34.40813
9280394,-118.14272,33.840492
8486978,-117.05182,32.585186
6397787,-111.82653,33.423588
6566770,-112.209885,33.494762
9678583,-117.60412,33.440613
7998471,-117.07238,32.65239
8870123,-118.319626,33.933323
9827269,-117.64153,34.104008
9734811,-121.771194,37.984364
402900,-118.1826,34.05479
5404087,-112.054115,33.572647
7957673,-121.83203,37.989307
9827262,-118.45181,34.17211
9724998,-117.03701,32.96511
7777964,-118.53401,34.174896
8324221,-118.288284,33.97171
7794551,-111.97205,33.45097
5333084,-118.19502,33.802578
6748499,-112.012,33.471626
7540614,-117.866615,33.717346
9417819,-117.86153,33.74906
402913,-117.96412,33.85463
6748491,-111.740906,33.341084
8486964,-117.25798,33.373444
8238370,-122.31538,38.00106
8316397,-118.19155,33.854298
1818594,-121.339935,38.0024
9190829,-121.87847,37.31057
9507756,-118.31628,33.88788
8674089,-122.2408,37.471474
8870108,-118.23964,33.954308
7828737,-118.50884,34.262913
4450571,-117.14398,32.707962
9577566,-118.01085,33.846546
8615155,-117.09814,32.645603
402923,-117.95015,33.83468
8436620,-117.10583,32.80871
9941026,-118.30234,34.00491
6088177,-118.34659,33.84581
8014432,-119.2892,34.420547
3312844,-121.813385,37.35244
402938,-117.93819,33.73947
8038008,-118.36022,33.983772
10162294,-117.20514,32.870514
7235342,-118.32548,33.87789
3782318,-118.27392,33.984024
402937,-117.87521,33.69942
8531623,-121.27612,38.109695
6525551,-117.871414,34.087578
9362114,-118.014275,33.71543
7302750,-116.959915,32.731148
8436502,-117.02106,32.659424
7538804,-116.93324,32.792202
7306244,-118.05617,33.87269
403221,-118.618614,34.214176
403222,-118.38637,34.157635
5940191,-117.63154,33.87517
9087872,-118.32697,33.987194
9937850,-118.212746,33.820274
7957642,-122.24983,37.464287
8649839,-96.8697,32.705864
4438240,-117.70489,33.5701
403216,-118.28685,33.819714
7743251,-118.04478,34.05931
8540812,-118.195045,33.776104
9830775,-118.26309,33.814495
3538709,-118.7024,34.16527
4338209,-118.52184,34.248566
9830772,-118.31042,33.74356
1213532,-121.97119,38.03166
6469840,-121.97533,38.025566
7057811,-117.19208,33.15257
4169865,-117.14929,32.70493
9089174,-117.98747,33.718536
6715375,-112.02571,33.471695
7690633,-96.77135,32.98796
8125311,-121.85072,37.35319
8718290,-118.348206,33.8395
454416,-118.14611,34.022125
9934256,-117.71096,33.541348
2963849,-119.19302,34.177658
5940176,-117.84141,33.754787
9000173,-118.39428,34.273834
7148865,-118.364044,33.971695
4438260,-117.69257,33.629078
9788888,-122.230965,37.78821
8434489,-112.01272,33.396618
6834067,-118.073944,33.882797
2638220,-118.200905,33.88592
403212,-118.31244,34.071907
5626147,-118.25779,33.89661
9831397,-121.68756,37.9302
7303548,-117.984535,33.812237
7690627,-118.51928,34.20101
5697220,-118.19045,33.80165
403207,-118.42764,34.320267
8739003,-97.16572,32.75852
6703723,-116.977486,32.71719
5927975,-117.96505,33.832405
1080318,-118.38177,33.854256
8125375,-116.96662,32.79951
402884,-118.10107,33.958874
6222367,-118.32866,33.90309
7335833,-118.48365,34.19633
403267,-118.1244,34.696785
10175081,-121.943954,37.329433
6017722,-117.86805,33.70667
9867821,-96.84256,32.988583
8999682,-118.44952,34.16848
9933109,-112.03086,33.65327
9806701,-112.10198,33.551395
6715358,-111.93934,33.40596
7101076,-118.1089,33.919544
9825997,-117.89895,33.677296
8779216,-96.58981,32.726444
6039035,-117.033,33.12986
7243952,-118.16872,33.785553
8529888,-117.97214,33.777603
9732704,-117.239914,34.43746
7771495,-118.2385,33.955864
403272,-118.24808,34.13898
8738781,-118.324394,33.94547
8529092,-96.80211,32.976784
402865,-117.85509,33.735508
5626129,-118.42064,34.19935
5927990,-117.70783,33.62673
8320495,-121.83407,37.358776
2989794,-118.52435,34.16829
402868,-117.90969,33.736416
9452841,-117.24036,33.170116
8046188,-122.160965,37.473324
7656860,-118.73477,34.285027
403246,-117.46882,33.950344
403242,-118.135475,34.166912
9809060,-112.05386,33.45484
6834096,-121.79934,38.011402
8125356,-116.933014,32.794674
773980,-117.958046,33.818905
1209035,-121.86187,37.699924
9960329,-118.22352,33.88322
8914216,-117.93844,33.742626
6359353,-122.27467,37.815887
8287818,-118.21745,33.976894
8832423,-118.23411,34.222996
7539146,-118.01166,34.133694
5978060,-121.82075,37.983097
402893,-117.83679,33.752472
8046174,-121.88619,37.26046
6859441,-96.71205,32.902252
8716227,-117.99184,33.825138
403252,-118.4504,34.291584
403254,-118.21713,34.622868
9414198,-121.86863,37.2651
7007263,-118.19107,33.788857
9488218,-117.11697,32.92198
7690673,-96.810234,33.109158
6642394,-96.68778,32.876575
5978071,-122.03986,37.967037
2549477,-121.71995,37.988026
7957610,-121.806564,37.257996
6164722,-118.53362,34.174896
7225878,-96.82468,32.999104
8850086,-117.00645,32.73343
8739052,-96.79367,32.689674
8659730,-118.189224,33.862526
10079985,-117.01003,32.728806
4041845,-117.92167,33.64345
9311224,-117.23611,33.165134
8032353,-122.26105,38.03877
7315921,-118.32525,34.01026
7817735,-122.36202,37.928886
9266031,-121.83596,37.991135
6431989,-117.864006,33.73268
5086194,-118.58221,34.194637
6478697,-112.29105,33.43259
9708746,-111.78136,33.255287
7999138,-96.86405,32.870792
5403769,-117.194595,32.851418
9359173,-112.26563,33.569305
8755350,-117.60412,33.440613
8916092,-118.338104,33.929
3241057,-118.34829,34.016098
9452878,-117.05452,33.13103
9754742,-118.173035,33.778275
9462954,-118.15241,33.78379
8995366,-118.547615,34.22722
481502,-118.333824,33.905544
8739079,-96.72789,32.90926
9359169,-111.7596,33.218006
4041870,-117.88375,33.869385
8322001,-122.27545,37.85283
6495501,-121.954956,37.53392
8124260,-118.24132,34.11959
7740506,-118.451256,34.18264
4883884,-111.85184,33.414986
9142255,-118.18313,33.78985
10036485,-118.32666,34.005432
8837012,-117.6372,33.96463
7451958,-112.17428,33.46434
4794396,-118.11978,33.88211
5140995,-118.2729,33.82783
7006961,-118.3373,33.906113
7442490,-118.26779,33.975456
8562824,-118.47207,34.223244
7917429,-121.91157,37.319695
5403784,-117.21819,33.16282
9708712,-112.11977,33.598427
436100,-118.298004,33.736973
7871216,-121.862625,37.42316
4731955,-118.285866,33.741467
1112267,-118.33087,33.97881
9462991,-118.06776,33.994335
7862665,-122.36068,37.954735
7585011,-111.764565,33.369606
2672272,-118.083595,33.86102
7416435,-118.318245,34.261456
7038096,-118.194786,33.812477
4734760,-118.34252,34.053215
6078656,-97.00691,32.85697
1955411,-118.4095,34.209896
7046515,-118.47866,34.02598
9934228,-117.66159,33.64697
8041504,-118.42975,34.26578
7127222,-118.29277,33.844418
9279949,-117.10156,33.10586
7315955,-118.34736,33.96535
6674929,-118.45199,34.194847
7366911,-116.93646,32.864964
10079962,-117.107506,32.819492
7192408,-118.238335,33.898556
6916648,-112.33984,33.429672
10178652,-118.546036,34.201035
7956573,-118.46616,34.174553
7585032,-112.12486,33.29376
7663056,-121.99012,37.366917
7496704,-122.17898,37.764256
7997277,-118.59143,34.230614
9773047,-121.94637,37.39205
7371189,-96.69013,32.808342
6950566,-118.239655,33.946426
2097311,-117.986275,33.738308
9282421,-117.61317,33.870033
6508872,-118.21306,33.88394
7748012,-122.10168,37.97068
10033708,-117.89812,33.772057
9135628,-118.23567,33.918053
7706369,-116.964806,32.788345
6978438,-96.90137,32.858067
9310504,-117.09938,32.66263
8633091,-118.30923,34.095566
8633095,-118.342674,34.039074
8191534,-122.23781,38.1
7602716,-116.93283,32.787674
8835208,-118.35693,33.922497
7622894,-118.27973,34.047894
7123074,-96.710815,32.926743
7794452,-111.550766,33.411358
7450231,-96.85328,32.656788
9233284,-118.366394,33.969704
9978586,-117.07723,32.698948
4734984,-117.04392,32.591896
6537797,-117.95004,33.714516
9985651,-117.79251,33.756535
9628029,-118.50332,34.193893
6295410,-122.02243,37.401028
7492128,-118.36408,33.955025
7265361,-112.11674,33.78168
5514500,-118.29637,33.957928
9135892,-118.30884,34.165924
7221235,-118.35024,33.923374
8201138,-118.28984,34.027424
7998990,-96.65409,32.85152
8243604,-118.25395,33.990185
8418963,-118.14308,34.07283
9363298,-117.81504,34.00883
8693951,-121.97127,37.96707
6746461,-117.89809,33.656174
7862767,-84.730255,33.92735
403516,-118.470184,33.993423
9141421,-118.3434,34.011017
403515,-118.32718,33.98903
403513,-118.32034,34.009506
9087228,-121.69439,37.92197
6868058,-118.45129,34.2012
2992282,-117.78718,33.85922
8834977,-118.32641,33.939854
9678467,-121.997406,37.347637
6439208,-117.00287,32.784367
10031020,-96.84826,32.992767
7992159,-117.037834,32.703968
10019234,-121.86869,37.35074
8122532,-118.18105,33.864635
6965364,-118.30652,33.995064
6710976,-116.94156,32.794926
7221259,-118.254585,33.901222
7364565,-118.31256,33.999004
403505,-118.443184,33.990326
403506,-118.281044,34.07362
8370286,-112.09319,33.53853
8910158,-118.39902,34.299427
6525242,-118.6022,34.219723
8758189,-118.37355,34.175785
7899370,-118.69941,34.15615
9287867,-119.19911,34.202908
7751952,-111.300415,33.298782
7301920,-118.08712,34.117104
5036504,-118.428375,34.264183
9329113,-118.333,33.902733
8370281,-112.244865,33.680225
7517625,-118.32377,33.91259
1108021,-117.687775,33.652996
8632431,-118.45025,34.239132
3573602,-118.32405,33.91469
7454589,-118.37235,33.81784
7539488,-118.55874,34.199245
8162312,-121.97661,37.95903
5481018,-118.356895,33.917763
6039076,-96.72405,32.90962
6222847,-121.865616,37.410465
8570357,-96.79445,32.597725
749852,-117.123116,32.765457
8994987,-121.87713,37.99161
7100960,-118.29449,33.882404
9194440,-121.90448,37.274506
6159594,-118.28338,33.91762
8661988,-118.28934,33.95396
3235687,-118.59489,34.219837
9280653,-118.38127,34.17494
9281111,-118.305046,33.84289
7538913,-116.94853,32.813343
7517603,-118.36544,33.971394
4205946,-118.31456,33.977818
6965373,-118.362495,33.971157
6222827,-118.17363,33.78042
5138126,-117.233864,32.87013
5878565,-118.19648,33.883858
8033025,-118.33584,33.988094
5154896,-118.00142,33.876854
8125260,-122.20499,37.4877
4290572,-118.42538,34.172134
9038822,-121.95682,37.952568
7697657,-118.59964,34.17328
6479187,-121.60514,36.707523
7498901,-96.67482,32.773304
7992103,-118.223465,33.792995
8409857,-118.32643,33.98807
6502967,-121.79144,37.96937
9190490,-121.840195,37.371986
8199072,-116.937294,32.787487
5367356,-118.27008,33.795868
5358603,-118.58922,34.228207
1469856,-118.456764,34.215313
1492394,-121.65937,37.956345
6949418,-117.58909,33.86654
8834902,-118.25773,33.923725
4432713,-121.77471,37.958023
7498905,-96.57441,32.683937
9000548,-117.866325,33.763763
5477281,-96.92002,32.5958
8370274,-112.25835,33.67134
9990924,-118.22377,33.791718
3380256,-118.34501,33.887398
6634747,-118.46407,34.40137
8370259,-112.15089,33.513245
9718553,-118.27162,34.00775
7406590,-117.14131,32.75777
10110664,-118.86906,34.216038
8406441,-122.27171,37.822285
10125492,-121.89312,37.31685
7517644,-118.276955,33.964172
5161484,-118.43646,34.307747
9131154,-116.95099,32.806095
8957094,-117.85658,34.12819
3859411,-121.31408,38.680645
3235621,-112.16845,33.61409
9585690,-122.334015,37.92224
9504254,-96.84939,32.963436
8401857,-117.079254,32.635723
4640317,-118.03439,34.56848
8129497,-112.199715,33.46587
9480712,-121.74436,37.91775
6954947,-96.768776,32.811142
9732287,-118.50266,34.222748
8779472,-97.03777,32.736122
8406469,-118.20311,33.875465
5976154,-117.787415,33.68802
9938909,-118.118706,33.85865
610975,-118.11288,33.962852
8913139,-117.87753,34.087387
4677433,-117.91321,33.790672
8906071,-118.42045,34.22167
6634059,-116.98733,32.75037
5976141,-117.70489,33.5701
8959243,-118.21122,34.06758
8851318,-117.28725,33.206604
6076259,-117.048195,32.685028
3447311,-122.24151,38.102066
8585547,-118.15307,34.08999
7704941,-121.778915,37.992615
8464619,-111.95668,33.427567
7582045,-118.423325,34.277878
7416345,-96.6875,32.78416
7783729,-118.09478,34.03755
9402379,-121.84971,37.359623
3675376,-118.42252,34.189434
4477851,-118.30985,33.78135
8854347,-122.34485,37.97913
8358961,-118.02484,34.56405
9002707,-118.42872,34.210854
2797903,-117.1376,32.756134
6634800,-118.2954,34.068558
6953740,-118.30125,33.961838
9002705,-118.29239,33.989666
5149654,-122.25996,37.562008
3035222,-117.88989,33.822315
8368412,-118.27317,33.980595
7747894,-122.085075,38.003696
6954100,-96.69134,32.847027
7084225,-117.86805,33.70667
8660185,-117.80859,33.667984
9852029,-118.345116,33.915333
4777968,-117.70601,33.58775
6603586,-96.82483,32.71227
8409917,-118.19106,33.791134
7959197,-118.3171,34.01683
4024440,-83.132454,42.30046
5149683,-122.45462,37.764267
7225706,-122.42832,37.622974
6720152,-121.9537,38.009388
8939868,-117.05566,32.58661
7652350,-121.86856,37.991783
6707195,-118.30236,33.734085
9140884,-118.52999,34.261417
7779279,-118.1747,33.772682
5907089,-117.91585,33.831318
8779543,-97.11864,32.715202
5781817,-118.43329,34.23914
3680266,-118.323204,33.95579
8358995,-118.283676,33.831547
6047684,-117.97088,33.82226
6347661,-117.26891,33.2202
7783775,-117.833664,33.764683
7447206,-122.1613,37.75866
8120412,-118.19535,33.892876
8041652,-118.466194,34.190838
3123737,-118.476944,34.436657
9182009,-118.316864,33.893482
1080286,-118.06139,33.777348
7051604,-117.54434,33.838856
6162370,-122.21177,37.801468
6782377,-121.89629,38.027287
7269550,-117.04077,32.6846
9422146,-118.19726,33.77775
8039042,-118.27236,33.832317
7167741,-122.12132,38.012947
9282748,-117.973335,33.85912
6593935,-118.45183,34.215206
7700553,-118.46437,34.230103
402186,-122.054146,37.683277
6397976,-118.21233,33.970333
8912499,-97.50872,32.75593
402182,-122.15218,37.727005
3345563,-121.82748,38.0091
402184,-121.891846,37.3456
9141919,-118.3755,34.034412
6748513,-112.3594,33.63847
5810470,-121.87325,38.00692
7170788,-118.07754,34.005383
7871119,-118.236824,33.892826
10180731,-116.99555,32.84621
5149614,-121.86396,37.30654
9422136,-118.283356,33.91761
8779526,-96.72212,32.909588
1799624,-122.01509,37.390526
10088976,-117.9682,33.667736
7225737,-121.94885,37.34821
7083828,-118.301155,34.04631
8209120,-117.83045,33.729782
8406527,-118.279045,33.828026
8039062,-118.26302,33.88996
7779244,-117.99293,33.91906
5521608,-117.90297,33.788895
5821849,-121.95824,37.361958
9422126,-118.292496,33.887012
8359120,-117.06786,32.7055
4509010,-117.965385,33.758373
9142597,-118.34848,33.954956
8589747,-118.168304,33.770817
5822901,-117.23116,32.800686
9182925,-118.6525,34.446762
4688926,-96.84789,32.99018
7084247,-117.5966,33.59267
9422115,-118.20723,33.896034
3674989,-118.12952,34.653797
7400291,-118.31157,34.040554
9362615,-118.03195,33.831795
9507175,-122.32001,37.568535
8954164,-118.332985,33.903534
7192360,-117.99562,33.810143
7458454,-117.84231,33.741985
7288620,-96.76258,32.712204
8329431,-118.07463,33.82856
7779226,-118.19937,33.775703
4642014,-112.065506,33.63334
7602675,-117.130554,32.80568
9933446,-117.21727,33.58036
9329042,-118.30135,33.94094
10137105,-96.80621,32.70265
7831732,-118.350586,33.938198
8800657,-118.2603,33.86859
8754091,-118.40174,34.270966
7779219,-118.344505,33.90972
2963153,-117.05886,32.564747
9087282,-117.70915,33.57659
572658,-118.50985,34.203037
9526814,-122.05668,37.30617
7288615,-96.87847,32.641953
9087932,-118.2771,33.99831
5964106,-118.61377,34.257626
9310482,-118.43313,34.27328
8589703,-118.3395,33.90838
3541142,-111.915306,33.500885
7953023,-118.43082,34.263058
9414051,-117.86499,34.131905
9081161,-116.92447,32.805874
6918440,-118.36544,33.971394
9182027,-117.24206,32.749195
8306138,-119.14936,34.210308
8905015,-121.92373,37.301395
8446893,-112.18631,33.520588
8954153,-118.28401,34.036137
8649911,-96.76341,32.932953
8359158,-117.09374,33.159195
6037193,-117.076225,33.109055
9978617,-117.23365,32.79197
454759,-118.2781,34.06746
8316310,-118.29601,33.90731
8649964,-96.77147,32.89239
8529393,-117.09281,32.735348
7860655,-117.694084,33.584347
6469507,-122.34114,37.9652
5967185,-112.34968,33.447784
9414035,-117.916534,34.072807
8419185,-118.42872,34.213295
9433996,-122.42904,37.728542
9280585,-118.41809,33.998188
9091711,-112.11505,33.78018
8697441,-116.9411,32.629307
6870126,-112.01272,33.396618
9978665,-117.108955,32.794132
7454517,-118.17215,33.90181
7364606,-118.35937,33.9732
6938599,-118.33176,33.87198
7794494,-112.275665,33.646145
5906893,-118.41349,34.320877
770897,-118.19479,33.794785
9414044,-118.155235,34.182247
7192327,-118.22799,34.093376
7749700,-117.90092,33.870483
9087239,-117.63327,33.554047
7448746,-117.15909,32.71676
7779304,-118.30966,33.73864
4883372,-111.97417,33.344627
4898375,-118.32013,33.945477
6402773,-121.82247,37.356033
9466192,-118.23309,33.907124
8517628,-118.12077,34.58224
8954181,-118.2933,33.947784
8633100,-118.2901,33.994137
7416360,-96.533775,32.916172
9359206,-96.72443,32.909626
8633103,-118.36043,33.962875
7053002,-118.21556,33.91703
3496057,-117.90752,33.824352
8699804,-111.86982,33.30338
6866692,-118.466194,34.19456
8413125,-112.0475,33.529274
8525681,-117.10938,32.751698
7578295,-121.5829,36.98258
8001268,-112.10037,33.85722
3124400,-117.19727,33.897327
8954193,-118.32939,33.975525
3124404,-122.22638,38.084064
10087864,-118.33311,33.960052
7315645,-118.26183,33.964672
9629098,-117.98342,33.8354
8928594,-122.016914,37.982662
9713784,-116.88473,33.030273
403411,-118.35241,34.0142
7441963,-121.89323,37.29828
7417727,-122.14848,37.46931
9312052,-122.19706,37.760845
7705139,-121.75645,37.96832
5840357,-117.9316,33.79819
403409,-118.14631,33.874737
6674389,-118.45613,34.217964
7745536,-118.30394,33.820164
7238592,-118.22653,34.12127
7791437,-117.90974,33.870083
4555913,-117.70137,33.61979
8994826,-118.312645,33.93657
6143711,-121.981125,37.293728
7364631,-118.31504,33.916447
8571945,-117.793816,33.770866
9872860,-118.17743,33.884705
8280171,-121.976585,37.303295
4433361,-112.09966,33.55508
403431,-118.333,33.90359
8402031,-117.03099,32.758354
8120285,-118.19561,33.843033
8735299,-117.01561,32.712605
9628951,-117.584946,33.87321
8497594,-118.26797,33.828506
8406375,-121.76416,37.959557
9090232,-117.90998,33.82376
9872831,-118.28546,33.816998
1371625,-122.02691,38.290607
8327141,-117.92439,34.03707
9935501,-117.06201,32.573597
8243741,-118.28777,33.927334
3532383,-117.00082,32.744667
9503741,-118.31711,34.001022
5822879,-117.02118,32.665813
7131269,-117.95178,33.767944
7306447,-118.366394,33.97006
8697368,-117.167885,32.790264
6766664,-118.52435,34.168407
9730634,-121.860176,37.260822
8571043,-97.0653,32.77778
7831565,-96.75112,32.854504
9315222,-118.46842,34.24786
8957186,-117.13959,32.917686
10035151,-117.00233,32.744537
8571965,-117.63865,33.641388
8957992,-117.991974,33.679447
8478316,-121.80049,37.997692
403416,-118.32281,34.000042
403415,-118.216576,33.94067
9872845,-118.32866,33.90402
6570282,-118.451485,34.203007
9241413,-121.81696,37.99066
6601378,-117.08276,32.760944
8835384,-118.37659,33.90516
8979594,-121.69713,37.953
10078618,-118.44614,34.204815
5264327,-118.30757,33.82019
7615113,-122.29534,37.881977
7622126,-97.06512,32.702736
8571915,-117.773125,33.67071
9557105,-121.76382,37.956066
6706501,-118.187996,33.781166
9754078,-118.31723,33.7974
3827645,-111.69856,33.26809
6909330,-122.17326,37.76458
9460147,-117.1033,32.744244
2359809,-118.345,34.01232
10002827,-121.87087,37.386875
7192258,-118.2734,33.93072
8806246,-121.80628,37.999477
6035086,-96.69989,32.947067
6466901,-112.10013,33.599247
9135748,-118.47493,34.273556
3929606,-118.292656,33.9923
4600132,-117.62348,33.868168
10072368,-111.9217,33.361767
7870900,-118.27372,33.774033
7549532,-96.83909,32.611782
6050162,-112.12597,33.67084
7539347,-118.26166,34.14084
7622108,-96.66782,32.950188
4202694,-121.2819,37.824852
9935414,-117.06984,32.760006
9412663,-117.0548,32.618767
7441979,-121.81591,37.26296
4202698,-121.78917,37.95936
7876603,-111.86982,33.30338
9872872,-118.3476,33.906372
9678353,-112.06747,33.561176
7235150,-118.33517,33.901344
9872879,-118.16863,33.86665
968269,-118.17629,33.84098
9000460,-117.73085,33.970715
10111616,-121.82596,37.99831
2802406,-122.352234,37.963116
8913893,-118.323685,34.003662
7602803,-117.3742,33.23455
770055,-122.02832,37.759216
8735262,-117.13549,33.165646
10175305,-121.81999,37.259407
8540940,-118.383835,33.98254
7646682,-118.35016,34.003277
9779192,-118.44107,34.184654
9601439,-118.272964,33.93829
8409981,-118.19397,34.081024
657718,-118.43727,34.05619
1492279,-121.26894,37.93118
9828567,-112.1471,33.487717
403499,-118.32687,33.98065
6016436,-118.45017,34.20846
403497,-118.32059,33.9932
10180717,-117.009766,32.711437
8406317,-122.03654,37.98604
8540938,-118.065895,33.87263
9459534,-117.83122,33.842297
8540933,-118.32097,33.94882
10110542,-118.47733,34.208447
9047761,-118.31494,33.992294
10138915,-118.109695,33.833694
8853561,-117.10454,32.74318
637458,-118.89601,34.175446
8616391,-112.10969,33.53588
10033046,-112.20306,33.559956
770924,-118.21438,33.812515
9734629,-118.03358,34.06683
9970517,-111.705124,33.422817
403489,-118.30311,34.050014
7263192,-118.583664,34.2269
7447266,-122.24876,37.966354
7992248,-118.26142,33.89039
8208550,-96.64575,33.011696
525019,-117.17398,33.900406
7225654,-121.986755,37.34726
5550143,-117.080986,32.760166
8614795,-96.73552,32.918217
9732132,-118.61369,34.248043
2734699,-117.714386,33.96749
7576341,-117.05724,32.578773
9989329,-118.04046,33.977264
8322286,-121.89613,38.026733
7238536,-118.346054,33.92674
7704882,-118.24977,33.789207
496942,-118.261635,34.00753
4881499,-117.27413,34.397804
7517542,-118.37753,34.083706
2759622,-118.35098,33.97001
3921784,-118.40198,34.227978
8331640,-112.26244,33.46864
10033069,-111.83145,33.418102
7740704,-118.07575,34.677765
8777490,-117.02816,32.733444
8441884,-118.294876,33.94868
8958521,-117.969475,33.92765
9028671,-117.07836,32.61109
9857403,-121.8107,37.980915
7992226,-117.24586,33.203873
9135719,-118.36132,33.94
9000419,-117.81094,33.733772
8443111,-117.021095,32.719097
8208565,-96.80944,32.922485
9328732,-118.40819,34.024
7001082,-122.05543,37.667557
403448,-118.304306,34.042614
3224596,-116.96479,32.7882
8361587,-122.31731,37.967224
9628106,-118.537766,34.2236
9669248,-118.35397,34.056404
9028628,-118.31042,33.74356
403452,-118.3569,33.919464
8833764,-96.654,32.762238
7957423,-116.593445,32.861473
403438,-118.31881,33.95716
8880234,-117.05384,32.955254
9779162,-118.35884,34.031475
9526569,-121.866844,37.390057
8735202,-117.162704,32.74992
5667101,-118.5628,34.184914
8483825,-122.06344,37.707767
10033092,-112.09966,33.55508
8082119,-118.090195,34.675945
429297,-116.95099,32.806076
6908285,-118.376175,34.05637
977171,-118.36274,33.962864
6741551,-119.17986,34.195786
9970506,-111.562004,33.137638
6031700,-122.13618,37.471996
4331330,-118.20624,33.89132
9036355,-117.048836,32.571697
10032778,-117.49352,33.907818
8854137,-122.04215,37.955414
8034077,-118.31151,33.962704
9625165,-111.58584,33.33677
8562537,-117.88465,33.988914
8677442,-118.23735,33.88504
7705904,-117.26487,33.104256
9539663,-118.33732,33.91745
4971643,-117.91057,33.773724
8403091,-117.106026,33.146996
7870969,-117.074,32.973568
4973196,-112.28442,33.56146
2961342,-118.43998,34.1961
7957400,-117.312805,33.251057
9934920,-117.88402,33.8181
7128004,-118.31021,33.959064
8166191,-117.67971,33.64591
8075547,-117.81552,33.72891
8446906,-111.86982,33.30338
8540930,-118.42627,34.312035
9731725,-118.15505,34.86457
7997994,-118.45547,34.184647
7001070,-117.37172,33.209934
5411957,-117.89228,33.72241
7959079,-118.27325,33.94467
9505078,-118.51133,34.36698
7007888,-118.34107,33.819397
5141798,-118.19793,33.898476
9352362,-118.290276,33.823986
8819092,-111.76787,33.398212
6024878,-119.19173,34.17751
7101215,-118.309135,33.880783
6954252,-121.72929,38.000908
5125005,-118.292114,34.06738
6825061,-117.13802,32.69711
7778831,-118.31065,34.01085
7256815,-117.66676,33.632572
2990049,-117.908424,34.02703
6990166,-118.536064,34.21641
7652478,-118.33372,33.813766
6379339,-121.3698,38.77756
8616327,-111.84286,33.29902
10185671,-122.29773,37.976593
5882097,-118.46871,34.235542
6834239,-118.524345,34.1672
5558449,-117.931496,33.930225
5358442,-111.954926,33.363113
6260575,-117.29498,33.039993
6518166,-117.38461,33.942005
7126391,-118.17729,33.86149
8164654,-121.73072,37.724995
5830722,-118.30913,33.870247
2734721,-117.604576,33.444458
5411972,-117.899536,33.749557
8954203,-118.25842,33.973007
9366017,-118.31504,33.916447
8574111,-118.445274,34.005146
7913293,-117.26679,33.2521
4639588,-118.50354,34.193893
6347518,-118.51738,34.19496
9469880,-117.05697,32.684883
5699232,-118.52471,34.220013
8636936,-121.885605,37.259705
8124464,-121.893,37.361195
4680337,-118.19758,33.77225
5411968,-117.99625,33.78537
8198643,-116.51851,33.22268
8125996,-118.01065,33.824352
8954214,-118.35105,33.90973
3087182,-118.30117,34.04631
8699708,-112.11689,33.5291
7062727,-121.97395,37.28988
8331598,-112.17575,33.548103
7256845,-117.97463,33.8128
9434673,-121.98117,37.369816
6165547,-117.75396,33.550514
6642938,-117.920074,33.83168
5300866,-122.23452,38.128227
9513557,-117.914406,33.677597
10137085,-96.72583,32.89964
7828030,-117.00953,32.802975
544903,-118.33635,33.93094
8833133,-97.17963,32.743683
2280493,-122.19222,38.10805
9036407,-117.092636,32.586662
7219954,-117.77887,33.54339
402284,-122.3206,37.918694
9043997,-117.688866,33.609325
4928814,-118.455284,34.232357
2327838,-118.25804,34.00837
5697090,-118.17866,33.76697
5411986,-118.137825,33.935665
1830544,-122.26009,37.504917
6713592,-96.690834,32.876945
6290620,-118.29342,33.93281
8914884,-117.93126,33.840427
7871015,-117.001,32.619137
8116635,-118.33577,33.941837
9428541,-122.2582,37.830593
402294,-122.12117,38.01409
8198693,-117.057045,32.685085
3704580,-111.789955,33.44497
8209014,-117.95473,33.77312
7219928,-117.72638,33.57153
402299,-121.95745,37.95444
6563507,-118.27822,33.92328
9986811,-118.55415,34.202915
5470654,-96.78965,32.99506
8833116,-96.83584,32.648746
7749897,-117.80865,34.029137
8190800,-122.351135,37.959526
6143698,-122.00384,37.403313
7293226,-121.898796,38.02373
6866515,-117.07239,32.68508
2411982,-117.9311,33.932606
8525507,-117.04739,33.135254
9142479,-118.28463,33.99145
7808691,-97.0998,32.773605
8912373,-117.79899,33.674633
9900948,-112.028534,33.63256
9363437,-117.82966,34.083897
8202328,-118.27236,33.832317
7124289,-116.95868,32.747696
5358466,-118.15218,33.915924
8368575,-117.59538,33.402348
10036252,-118.16222,33.77429
8359285,-118.58419,34.250496
4937931,-119.176765,34.147972
7373700,-118.49805,34.192917
5865641,-122.056854,37.964184
5095911,-118.233025,33.91881
5659114,-118.22383,33.935516
7794398,-112.13149,33.578587
2410471,-121.30309,37.910942
9715760,-118.32359,34.024944
5659106,-118.42879,34.004856
9280453,-117.1061,32.756844
9826934,-117.92865,33.855503
7705094,-118.27845,33.775616
7871056,-116.92694,32.81669
7655049,-118.57562,34.212425
6120448,-118.5885,34.213768
8850698,-117.09363,32.707027
8283319,-118.3558,33.96913
6469669,-118.2727,34.060455
7498097,-117.10933,32.7176
7860570,-117.9662,33.93704
10227036,-121.95284,37.286034
7953959,-118.450455,34.42008
7959868,-118.536026,34.183018
7693827,-118.23312,33.92707
4245794,-117.86414,33.846
8915960,-117.95249,34.039433
9978509,-117.073395,32.750973
2091100,-118.18542,33.930878
9715773,-118.273865,33.942696
4213058,-117.03614,32.967236
4781682,-118.27526,33.818092
7504757,-121.99282,37.33591
6744198,-122.35588,37.928833
5733888,-111.950386,33.354824
7655064,-118.15343,33.88885
2946993,-117.25908,33.37067
5970027,-118.162445,33.77169
9715786,-118.317726,33.94867
4134058,-111.88244,33.42212
7602740,-117.114105,32.762035
6786215,-117.06242,32.65683
8834771,-118.14715,34.031654
8435391,-118.35345,33.8372
9505033,-117.44726,33.86981
8819059,-111.774635,33.214478
7693811,-118.3884,33.99706
9403565,-117.252785,33.36933
8781758,-118.33164,34.027412
7899517,-118.1403,34.161263
9359324,-111.93631,33.46123
8930215,-121.82577,38.003765
7099080,-96.67347,32.59575
6359900,-121.91136,37.72647
1954987,-118.53607,34.210346
3731535,-118.095825,34.576763
8209069,-117.662056,33.637993
469005,-121.82386,37.981567
7624927,-118.206055,33.888645
8124437,-96.95202,32.91681
9574532,-117.87547,33.73685
8833194,-96.87582,32.781693
5866046,-121.83517,37.998936
8701281,-118.3794,34.27891
7955951,-118.24541,34.000988
402217,-121.86562,38.006943
8819066,-112.18631,33.52056
2551199,-117.97391,33.828613
8124428,-96.76885,32.94331
8323770,-121.69467,37.976643
8836989,-117.99074,33.868603
7192211,-118.27338,33.930706
7454642,-118.31242,33.897102
7419027,-112.09965,33.614925
9985759,-118.236046,33.852077
6946402,-117.25131,33.169506
7123914,-96.96574,33.008446
7374765,-111.86048,33.396427
7304639,-112.02161,33.507683
4245586,-118.57098,34.197975
7302436,-117.205826,33.160263
7304634,-111.79428,33.41823
7863601,-121.2984,37.90575
9934016,-96.752365,32.86638
7177483,-112.09349,33.438374
9279574,-111.82439,33.438652
8702211,-118.16627,34.691597
3372252,-117.01864,32.958904
504715,-117.888794,33.71008
8315527,-118.26401,34.025692
8326856,-96.767265,32.94409
8529554,-111.99903,33.46672
2919801,-118.043945,34.08299
8735152,-117.128075,32.703274
9626590,-117.64207,33.44369
9868010,-96.626396,32.827374
5138821,-117.82699,33.772377
9636797,-118.34448,34.03709
8288941,-96.59687,32.776142
7785796,-118.19892,34.03594
7782761,-118.368576,34.148075
8636561,-122.20025,37.484955
7698182,-118.45134,34.2012
8168910,-112.169464,33.604313
6525914,-118.5128,34.193882
6350708,-112.203255,33.483402
9880350,-118.23269,33.90067
9170944,-118.313965,34.09376
5438043,-122.26907,37.963764
10112086,-118.28975,34.09345
1955171,-118.0532,34.565063
8489889,-122.03056,37.300453
7302400,-117.14097,33.154346
6509737,-118.35094,33.86737
7304642,-112.161064,33.57742
8662174,-118.382256,34.042347
9381485,-118.53607,34.210503
9868028,-97.3249,32.910126
8288045,-121.86735,37.99222
9703161,-122.03273,37.967094
9191765,-117.866325,33.763763
5707875,-118.32159,33.984978
9346267,-122.00768,37.39734
9519627,-118.43481,34.269974
8570575,-96.71813,32.912506
7517811,-112.16135,33.47731
8315551,-118.34261,34.014256
1167078,-122.276245,37.86955
9287675,-119.18794,34.156868
9576799,-122.41258,37.784885
5863563,-118.32546,33.98645
8361672,-121.77845,38.555424
7917898,-96.7519,32.749924
7855595,-118.41742,33.987522
9706907,-121.95211,37.30155
10139520,-117.97819,33.817554
10102508,-122.293015,37.877457
6651885,-118.26733,33.81913
10017007,-117.30362,33.17144
4859212,-118.26393,33.941906
9087459,-97.47458,32.7337
662717,-122.084465,37.66961
8450640,-118.04994,33.948837
6601451,-116.88171,33.032753
9519642,-117.589745,33.844795
10072066,-121.965965,38.03758
8806700,-122.35052,37.93795
8315536,-118.28799,33.999634
7953582,-118.34569,34.165222
9389874,-122.218414,37.47359
8715456,-118.315575,34.011864
10140619,-118.0495,34.11718
8853846,-121.801735,37.971176
6674492,-96.59785,32.85771
7834127,-117.907745,33.75945
6766325,-118.59744,34.171154
6604126,-118.291534,34.027355
8316028,-118.20311,33.875465
8315545,-118.360825,34.03772
6814802,-118.3462,33.87639
8287441,-96.69088,32.74718
9614955,-117.19212,32.79865
8211604,-112.14834,33.538452
7959023,-118.13955,33.873665
657094,-118.173355,33.846355
8913701,-118.31218,34.057564
9000727,-111.714836,33.417732
4682748,-118.45745,34.185165
6121023,-118.453705,34.186653
10077468,-118.45533,34.193928
6563485,-117.27744,33.24018
9144095,-119.18899,34.178127
4447672,-121.985466,37.323013
8764061,-117.0555,33.23596
9754136,-118.3443,33.913105
9657970,-121.76456,37.96902
9816784,-121.89574,37.350826
8202919,-122.25098,38.104004
8571651,-117.92947,33.78356
6254689,-112.01725,33.472275
7167460,-117.0965,32.582012
7921354,-118.435425,34.036808
6563479,-118.47828,34.014717
9531050,-117.06505,32.76607
9936970,-118.12451,34.068707
3733328,-118.43952,34.218636
768427,-118.39539,34.196568
10072870,-118.28999,33.976368
4816563,-118.466194,34.198227
6991779,-118.15117,34.191883
9180980,-117.219666,33.21869
6737487,-96.81935,33.014954
9163708,-111.96977,33.457294
9782385,-118.09465,34.041073
10142212,-118.2962,33.939564
8443804,-117.97809,33.80905
9362489,-117.92868,33.86072
8905983,-118.74891,34.266846
9038630,-121.64239,36.884624
9627775,-117.14372,32.746784
10072881,-118.31556,34.014633
8756084,-117.991974,33.679447
8873070,-117.93091,34.07724
8940598,-117.1104,32.75676
1218681,-118.28569,34.038177
7621598,-117.93983,34.062706
6000958,-117.698265,34.087173
5863546,-118.34721,34.06655
9047680,-118.30353,34.0037
4601067,-118.597725,34.260807
5084531,-118.55856,34.200977
9577835,-118.33311,33.960052
7056538,-119.17542,34.16633
9079990,-116.877205,33.03568
3733693,-116.95099,32.782726
9390355,-118.37371,33.975597
7828210,-117.10449,32.747177
8102709,-117.06979,32.705704
8738936,-97.17391,32.751034
7778443,-118.024284,34.56659
9936989,-118.05412,34.115013
6563437,-118.35695,34.03625
7365174,-118.39223,34.07379
9046011,-111.92791,33.44028
8195723,-118.241295,34.141407
864938,-122.3361,37.927803
8327915,-118.44475,34.172115
7782984,-118.02267,34.149273
7657898,-116.88479,32.764523
7650855,-122.0437,37.972015
9937376,-118.30949,33.916447
8547155,-118.89489,34.315178
8755758,-117.81529,34.03189
8658881,-112.23567,33.52906
8738955,-118.30718,34.01086
4640107,-117.31076,33.249355
9824666,-112.11339,33.73767
10036721,-118.24227,33.8992
9088117,-118.249374,33.99483
1374406,-122.01981,38.2878
8168951,-112.07012,33.39293
7363687,-121.87618,38.018574
5667081,-118.4449,34.228664
10071816,-111.86347,33.311646
2467461,-117.38796,34.14033
8317259,-118.32869,33.948257
7771107,-118.36131,33.94416
4654721,-96.80491,32.700714
7657785,-117.00643,32.73394
7056457,-122.00313,37.596786
5161787,-118.27876,33.9965
6778289,-112.00418,33.4619
9001469,-117.06518,32.699875
6791292,-117.883865,33.855343
8799522,-118.57431,34.220142
9352473,-118.17399,33.78442
3675166,-117.95247,34.038296
6359885,-121.629944,38.007225
7054317,-118.3253,33.89035
5783734,-118.16763,33.783802
864875,-122.303764,37.966995
1080031,-118.50265,34.223984
9228404,-118.214645,34.036015
7579246,-118.08973,33.901333
6907434,-118.11924,33.789413
8284547,-122.25798,38.1199
3388765,-121.949844,37.361202
6047895,-121.954956,37.53392
6104847,-117.87754,33.890007
8191265,-121.83288,38.002148
402396,-118.26544,33.829227
3497341,-118.20559,33.878532
9778946,-118.31375,34.041733
402397,-118.30039,33.894302
4956203,-117.08614,32.749805
9870943,-118.280396,34.04526
7040562,-118.22759,33.968613
9513673,-117.634415,33.456413
2404831,-118.374435,33.97352
8459750,-118.35487,33.955517
402399,-118.32453,33.80259
9611682,-121.88008,38.018345
7960613,-122.398674,37.604996
7363651,-121.93715,38.026768
9459690,-117.86989,33.726925
6359868,-121.70349,37.991703
9706894,-121.79269,37.22839
9934795,-117.970985,33.85492
7056447,-119.21117,34.179058
5780943,-121.94921,37.296574
9044954,-96.57481,32.852226
8443048,-96.47768,32.83242
7336777,-111.84005,33.404434
9779559,-121.857124,37.344234
5161790,-117.97485,33.846832
8041090,-118.10304,34.69407
9328621,-118.330696,33.99269
5667044,-118.56003,34.177677
9140663,-96.93349,32.86858
6851170,-118.36729,33.97397
3674755,-121.952484,37.387104
3618037,-117.958916,33.8162
9625532,-96.76528,32.65758
9986971,-117.92021,33.656174
3732972,-122.34603,37.936684
3488423,-117.06493,32.6262
4673365,-111.82263,33.43726
9505179,-117.638565,33.658245
9828252,-112.09236,33.50768
6104878,-117.495186,33.920464
5557946,-117.6518,33.622917
7865708,-118.58326,34.19379
8487823,-117.94141,33.816967
8210970,-122.49428,37.747692
10127072,-117.08001,32.812164
6347403,-118.31527,33.917595
4679878,-118.27063,33.806526
402382,-118.25993,33.827423
402381,-118.34276,33.914104
7770473,-118.36179,33.9878
9360332,-122.128395,37.462795
7054368,-117.08413,32.651585
402387,-118.19146,33.936348
8164761,-118.0109,34.094727
8323613,-116.87852,33.039997
402389,-118.25365,33.833393
9870976,-118.12944,34.149044
402385,-118.29213,33.862717
8210056,-118.19799,33.993126
402348,-121.807526,38.003452
6347413,-118.31743,34.01828
8753581,-118.45328,34.228096
9780264,-117.12337,32.584423
7457100,-118.27236,33.832317
9458983,-97.20641,32.758835
6866828,-118.16331,33.78729
402354,-122.18124,37.70437
9780270,-117.795944,34.023277
3567663,-74.750435,39.998325
8906317,-118.3456,34.162598
9680850,-116.94015,32.797543
5657788,-111.85382,33.374187
6850963,-118.37886,34.041637
5587029,-117.05488,32.578773
402364,-118.253494,33.826637
402366,-118.26746,33.833004
7054345,-122.16388,37.745846
2467451,-117.24868,32.75327
5302694,-121.36119,38.02281
8444010,-117.83204,33.79944
6971937,-112.18764,33.51682
10004066,-117.29887,33.241997
4391629,-117.72161,33.590828
5828022,-111.774,32.969868
5370186,-118.17792,33.776333
9564372,-117.29667,33.167664
9359466,-117.16139,32.75422
7195579,-118.39513,33.76397
5964368,-118.49524,34.261093
7123202,-122.056854,37.964184
2210183,-117.01673,32.780113
6706370,-121.928314,37.300797
7118172,-121.95159,37.388798
10112006,-118.307816,34.057022
9206513,-122.241554,38.083138
402342,-122.034584,37.96883
7957196,-118.404144,34.19166
8122250,-122.04658,37.945934
6348061,-117.915825,33.749508
6867115,-118.24453,33.848812
6348065,-118.53608,34.218353
4391640,-118.15061,34.70201
8159974,-117.07769,32.707336
7499235,-118.497826,34.19852
2736342,-121.863716,37.41093
2543804,-118.58298,34.24998
8198392,-117.02544,32.73508
9089611,-117.78718,33.85922
10026687,-117.13566,32.92214
8947579,-118.288216,33.913326
7301787,-118.109474,34.6854
9279628,-112.15843,33.465965
8737901,-117.112495,32.919327
6706344,-121.88134,37.328262
7792124,-96.77388,32.794636
10087639,-118.326454,33.874973
9310684,-96.60119,32.675537
7745038,-118.29709,33.96649
662744,-122.00398,37.981297
7255137,-118.20486,34.043514
402305,-121.45215,38.543743
7499240,-116.95971,32.805862
402307,-121.94189,38.023285
6971920,-112.412346,33.450207
9174554,-111.92546,33.314106
9173022,-118.36619,33.96355
2797377,-117.03927,32.70771
8470546,-117.109505,32.661713
5447526,-117.7458,34.079796
10026677,-116.77794,32.835022
9574667,-117.621,33.61872
10155780,-117.2779,33.21326
4391616,-117.93394,33.811447
7651029,-122.3514,37.967636
7222963,-118.36212,33.94544
9338117,-117.16042,32.89859
3416683,-118.36134,34.049927
402314,-122.07289,37.621082
6439067,-118.289734,33.917076
8569732,-116.95099,32.806095
9565437,-121.83288,38.002148
6945859,-117.14978,32.757195
5927417,-97.2901,32.710175
9619411,-121.96216,37.363316
9397464,-117.12291,32.70607
10026668,-117.16827,32.69705
8662113,-118.002495,33.861816
7745012,-118.300766,33.947746
9316160,-117.07531,33.120823
10026671,-117.11777,32.70227
9911024,-119.0506,34.237816
8160666,-117.093445,32.63255
8633362,-118.33949,33.903015
8800088,-118.09278,33.99579
8800892,-118.36127,33.921318
7615496,-121.78462,37.954586
8084666,-117.02099,32.61621
6768621,-117.973434,33.810352
7691244,-96.7745,32.69328
2463119,-121.72996,37.99352
9593308,-121.8845,37.333755
9082431,-117.8202,34.110268
6011675,-112.008804,33.595875
8453421,-118.166565,33.77821
9630125,-118.42931,34.231213
4548636,-117.05954,32.7459
7323872,-117.95441,33.763493
10026648,-116.96479,32.788307
7499282,-117.04819,32.7204
7197010,-118.320755,33.839615
5124193,-118.25651,33.93189
8796917,-97.23199,32.74609
9706840,-121.59512,37.02803
9851648,-118.454865,34.0689
10026651,-117.09568,32.664524
7504847,-121.83312,37.324745
8530020,-117.85527,33.78404
9082441,-118.17998,34.116158
7818043,-122.18853,37.701275
1730086,-118.18149,33.76843
7052045,-118.1352,33.885483
8241598,-118.21135,33.792587
6945844,-117.082466,32.5728
5695384,-111.916664,33.515335
10012539,-117.274666,33.19299
7218164,-118.34594,34.033268
8129522,-112.09958,33.540245
8045556,-112.19533,33.531204
8800839,-118.08241,33.885593
7050652,-117.987946,33.817463
9626476,-117.11678,32.69856
8122437,-122.16496,37.752415
6858650,-121.82093,38.00104
9559584,-112.00169,33.465706
10233472,-112.053314,33.553165
6053974,-117.905014,33.7869
10006921,-117.35702,33.171337
7399996,-118.2667,34.058723
5965216,-118.302055,33.779976
585633,-117.96814,33.998596
8329455,-117.96108,33.85618
9465994,-122.18348,37.755554
8658944,-111.86982,33.30338
8245336,-117.5966,33.59267
5132087,-118.60636,34.23908
8489792,-121.90548,37.24244
3878127,-122.4314,37.662975
5033098,-121.798195,37.264038
7615327,-122.16271,37.759277
3447259,-122.264366,37.801693
7791665,-96.86316,32.873352
6675126,-118.3294,33.977787
7100878,-118.34607,33.926254
5750458,-118.29648,33.985867
6910021,-121.90106,38.022175
8327339,-118.52113,34.220943
5079007,-118.47198,34.234592
9868915,-121.80721,37.24111
4281591,-117.22059,32.80474
9280732,-118.33488,34.016937
4350007,-118.28428,33.96979
8658926,-112.20892,33.497784
5236894,-118.23557,33.887165
6572291,-117.912445,34.026173
9091868,-112.16185,33.546585
6284097,-118.53447,34.21858
9206650,-122.368744,37.95918
8956695,-117.615456,33.442825
9731933,-118.136856,34.685272
7900044,-118.59427,34.2019
7791680,-96.68391,32.937977
9088088,-118.19718,34.026115
9236888,-118.29646,33.803047
9220886,-117.30675,33.323654
6564089,-117.78046,33.69207
9331029,-121.87188,38.015614
8611360,-121.93247,38.021873
9088058,-118.30786,34.066795
7992078,-117.02958,32.703014
8469199,-118.5371,34.172344
7583249,-117.8781,33.726295
9279491,-111.60188,33.225105
1113343,-118.40393,34.05306
9275210,-118.27388,33.93714
9957387,-117.11079,32.588654
9006051,-118.11684,34.06881
8698498,-96.77148,32.89253
9206688,-118.328766,33.98541
9731924,-118.307335,33.963642
1482577,-118.00912,33.824604
8662077,-118.31602,33.995865
8045567,-111.671745,33.41667
866916,-118.36882,33.97144
8950070,-122.341446,37.92856
6954857,-118.274506,34.0623
9754358,-118.249275,33.791626
9228388,-118.32936,33.98177
9461748,-118.20058,33.880707
9275263,-118.46061,34.201073
5265343,-117.06604,32.76778
9228381,-118.24397,33.90268
2670484,-118.35411,33.87475
5976274,-117.244606,33.052105
9047579,-118.320656,33.97934
8528315,-118.47435,34.203903
8857263,-112.211685,33.536476
10071877,-111.78363,33.4154
3348824,-112.111305,33.43405
5265353,-117.082214,32.695602
5138799,-117.99269,33.868587
8958075,-112.07975,33.637043
7167564,-96.59915,32.795376
7220012,-122.27231,38.121918
8755840,-118.00699,33.679466
7583200,-117.712746,33.5437
7400232,-118.28567,33.996464
6744319,-121.73728,37.986416
9615083,-117.01146,32.72763
7336838,-112.32178,33.719715
3455027,-118.36487,34.190857
3609746,-118.29014,33.73663
9694785,-121.94189,38.02379
9825541,-117.12674,32.707474
9281804,-97.109085,32.64531
8956672,-96.995735,32.865166
7699612,-118.52795,34.46127
4559494,-111.784424,33.40608
8957799,-117.89288,34.08388
6744302,-105.14692,39.625206
7336823,-111.953766,33.480087
9559524,-112.04763,33.490906
7299335,-118.29419,34.093437
9923712,-121.74743,36.90552
9287597,-122.45705,37.663086
9287594,-119.18663,34.200977
6524927,-118.5186,34.205154
8739451,-118.29223,33.97624
7620673,-118.282906,33.729664
9459779,-117.98695,33.694805
7167507,-118.45099,34.19393
6908010,-117.192665,33.80651
9047527,-118.33839,33.943645
9760986,-118.26875,33.99974
464248,-117.04814,32.73155
7622950,-117.999794,33.83297
9282934,-117.94198,33.998005
5138746,-119.04883,34.247463
9173786,-118.303986,34.01898
5367472,-118.250595,33.825886
7749673,-117.98918,33.832012
6603620,-118.25279,33.84984
9228336,-119.045,34.238667
6509659,-118.209404,33.885674
8857220,-112.065636,33.518692
3699286,-121.59157,37.023212
9560962,-118.410416,34.324787
10036850,-118.16763,33.773033
9046110,-117.93448,33.77914
10088358,-118.26846,33.908184
10126564,-117.344025,33.213127
8979831,-122.487404,37.680958
3235777,-117.56455,34.015945
9046115,-117.88468,33.775337
9228322,-118.272064,33.993343
9782437,-118.13063,34.024445
9331989,-122.04756,37.538208
5625981,-96.87882,32.676254
9028448,-116.97982,32.61479
9000652,-112.11913,33.591026
8195615,-118.87617,34.26448
8570600,-96.920525,32.82771
8979733,-122.31413,37.578434
9825502,-118.44,34.203087
8632361,-118.076195,34.57791
9559553,-112.12166,33.49581
5383770,-122.01761,37.58562
7778566,-118.74559,34.27763
5660536,-122.22583,38.119427
9046911,-112.176125,33.620544
452613,-118.59058,34.19403
8959817,-118.14501,33.871124
7262471,-118.16486,34.0922
5577588,-121.86292,38.007957
7176548,-118.28596,33.745106
9180147,-117.33426,33.208054
7921435,-118.298195,33.736973
6166354,-111.88269,33.414814
6104901,-117.84876,33.78121
6075628,-118.32793,33.804176
9825510,-96.76129,32.86504
7167600,-96.635185,32.865307
6768530,-117.87971,33.860123
9272473,-117.10453,32.743343
8797567,-117.98153,33.689655
1168693,-121.93695,37.336227
7873821,-96.5827,33.01379
6293676,-96.75434,32.870106
9236159,-117.912445,34.026173
7994973,-118.42665,34.25221
8413919,-121.98875,37.264812
9780193,-116.87015,33.93114
7875039,-96.69655,33.04376
9625461,-96.770065,32.667004
7808478,-96.659386,33.097767
3831486,-118.572136,34.174515
4995431,-117.889915,33.733303
1079705,-118.34722,34.064022
3538319,-118.2943,33.956894
4966616,-118.28357,33.73205
3416727,-118.31016,33.990757
5024086,-122.206436,38.10619
8979820,-122.45651,37.72803
2505848,-117.221146,33.196968
9311671,-117.772316,33.9749
1878614,-117.9187,34.13354
3733375,-118.29951,34.18141
8284644,-121.0833,37.70236
7742310,-118.45236,34.411674
8615810,-118.035866,33.814987
4390612,-122.21702,37.781948
4386201,-118.182014,33.860847
7056330,-121.72404,37.949734
3201695,-111.856766,33.40551
7415863,-96.84719,32.659954
8487902,-112.034546,33.502674
7167615,-116.876595,33.040714
8434073,-118.348114,34.041832
2971250,-121.9984,38.251804
10127150,-117.04361,32.703022
3572382,-118.210434,33.927166
6510802,-121.81567,37.342434
7873815,-97.05755,32.626812
6671552,-117.97893,33.860367
5630045,-118.29151,33.735138
6678851,-118.27893,33.798443
2971280,-121.96345,37.565384
9870041,-116.950966,32.781178
402469,-118.32359,33.935684
8434065,-118.30948,33.97537
8041168,-96.64713,32.824238
8211616,-111.76144,33.40765
8954427,-118.602844,34.199497
9385382,-122.25958,38.037464
8673050,-118.45638,34.41159
8872600,-118.12905,33.873703
10180082,-117.221016,33.21938
5082783,-118.470024,34.23555
5463594,-118.27291,33.976963
6713798,-118.399185,34.027393
402482,-118.28184,33.827087
3675263,-118.45637,34.416454
8906433,-118.24688,34.14358
2505894,-117.988495,33.78429
7415858,-119.08081,34.350525
9651912,-96.53962,32.86096
6954009,-122.17081,37.738163
6629042,-121.86017,37.399162
6789794,-118.41938,33.99591
5084386,-118.07627,34.586464
2637514,-117.976105,33.84546
7001276,-121.2611,38.02119
8069559,-121.91317,38.027557
8413939,-121.88567,37.323593
402496,-118.275246,33.975605
8089182,-118.2108,33.912125
7093229,-111.92096,33.4128
5410605,-96.775055,32.892567
8198410,-117.10401,33.133286
9611785,-121.926605,37.345196
9986263,-117.85927,33.778492
9670638,-117.31434,33.181854
8979908,-122.42817,37.710922
5465409,-118.36473,34.02798
9123540,-118.32689,34.003265
6047781,-121.77154,37.986187
10127196,-117.09317,32.696793
8413959,-121.91057,37.32715
7749623,-117.98609,33.817482
9086760,-121.986206,37.31407
7093213,-112.17437,33.624573
5514285,-118.302055,33.779976
6851047,-118.05041,33.92135
9282094,-117.90043,33.8339
7293429,-121.846695,38.003036
9227915,-118.4296,34.203033
7831861,-118.59143,34.230614
3827480,-117.116844,32.75398
402434,-118.26715,33.944683
8929918,-122.27162,37.808598
5699945,-118.156746,33.77641
8151362,-118.36302,33.986294
5024007,-122.162384,37.745228
9503912,-121.84218,37.313732
7614670,-117.14553,32.74119
402438,-118.122765,33.929432
9921164,-117.38472,33.21781
9199464,-96.824036,32.57253
7614678,-117.08286,32.68865
402439,-118.24819,33.910835
8530195,-118.00255,33.8667
402453,-118.25397,33.962326
430327,-118.16858,33.85711
9206647,-118.288445,33.994164
9086796,-118.373764,34.184875
1284402,-118.583084,34.192566
9576906,-118.16028,33.858585
8834998,-118.314445,34.040703
7123322,-121.691185,37.918808
402447,-118.24728,33.921455
402449,-118.353035,34.0559
6675086,-118.50263,34.22579
8569844,-117.04064,32.95901
5444022,-112.063896,33.58423
402466,-118.25042,33.999306
7817343,-121.82595,38.003174
8122373,-122.10711,37.66702
9505268,-117.90676,33.8126
7834012,-117.987526,33.695187
7449734,-118.43647,34.2769
7581784,-118.282936,33.741467
8735090,-117.095795,32.66845
10140717,-118.02096,34.108738
2089565,-118.53945,34.21294
9091015,-118.18929,33.92416
7007060,-118.05964,33.909607
8699905,-118.58326,34.19379
7956937,-118.58326,34.19379
8323568,-121.69486,37.645977
9199409,-96.75965,32.875008
4642376,-117.018936,33.782116
9237243,-118.20792,34.03624
8698436,-96.95617,32.84419
8207136,-117.90263,34.09786
6954095,-122.23563,38.091824
6546078,-121.751884,37.97033
6954094,-97.25443,32.68587
5159666,-117.11515,32.762405
7036038,-118.045296,33.990833
6875782,-121.842575,37.330956
3827451,-117.08551,32.56383
7323231,-117.9496,33.794735
8124641,-119.0101,34.23849
8662023,-118.28716,34.005123
3966282,-118.33273,34.02746
8124646,-121.89558,37.38406
517077,-118.00716,33.75723
8823693,-96.62214,32.800568
8895685,-119.153435,34.204876
9206601,-118.32441,33.935497
9199429,-97.13341,32.738945
9081020,-117.021416,32.740425
3124353,-117.99221,33.866276
3540946,-121.87783,37.262764
402403,-118.26718,33.819748
7373015,-118.2006,33.790894
8662008,-118.17718,33.981796
9280682,-117.685135,33.528107
402421,-118.33299,33.900803
7834054,-117.91959,33.831795
445459,-122.11991,37.69928
454856,-118.301605,34.06706
5964210,-118.47215,34.22831
8714999,-121.23944,37.91713
5036413,-117.98976,33.830177
1356775,-118.25454,33.825424
9071345,-117.32466,33.233135
6469435,-118.46453,33.993492
9091806,-112.125404,33.686436
4352203,-122.17433,37.772785
402418,-118.3033,33.91834
9043330,-118.12638,34.066128
9134780,-118.37519,34.170723
10227287,-121.88186,37.32638
7551015,-121.42094,37.75525
